,ids,urls,titles,labels
0,uRu_JcarCDY,https://www.youtube.com/watch?v=uRu_JcarCDY,US Elections - How do they work?,1
1,2Q78XXkhx0o,https://www.youtube.com/watch?v=2Q78XXkhx0o,Joe Biden's first speech as US president-elect üá∫üá∏ US Election üî¥ @BBC News live - BBC,2
2,bImK3gPEvc4,https://www.youtube.com/watch?v=bImK3gPEvc4,Joe Biden: 'I'm not here to declare we won' üá∫üá∏ US Election @BBC News live - BBC,2
3,N1MmTEtwsl0,https://www.youtube.com/watch?v=N1MmTEtwsl0,Trump repeats voting fraud claims without evidence üá∫üá∏ US Election @BBC News live - BBC,2
4,bK286Vj090o,https://www.youtube.com/watch?v=bK286Vj090o,US Presidential Election Results 2020 Live News | Donald Trump Vs Joe Biden | India Today Live TV,2
5,GWij2kKdktY,https://www.youtube.com/watch?v=GWij2kKdktY,US Presidential Election 2020| Donald Trump Claims Victory | Joe Biden | India Today,2
6,RRNJ9hl5w5c,https://www.youtube.com/watch?v=RRNJ9hl5w5c,"We're going to win, Biden says as lead widens üá∫üá∏ US Election üî¥ @BBC News live - BBC",2
7,I8QtLm6GEd4,https://www.youtube.com/watch?v=I8QtLm6GEd4,The 2020 election race is still tight between Donald Trump and Joe Biden,2
8,moOxq_8l_34,https://www.youtube.com/watch?v=moOxq_8l_34,"How Donald Trump, White House reacted to Joe Biden's projected election victory",2
9,BInk1AoBHrY,https://www.youtube.com/watch?v=BInk1AoBHrY,"Joe Biden, Kamala Harris Address The Nation | NBC News",2
10,ncu_J4HGN9o,https://www.youtube.com/watch?v=ncu_J4HGN9o,How do the US elections work? | Start Here,1
11,-cO1ZjkHfAs,https://www.youtube.com/watch?v=-cO1ZjkHfAs,LIVE: U.S Election 2020 | Donald Trump vs Joe Biden Live | US Presidential Election Result LIVE,2
12,EhYDjXWRdyY,https://www.youtube.com/watch?v=EhYDjXWRdyY,Breaking üî¥ Biden wins üëâ BBC projects White House victory üá∫üá∏ US Election @BBC News live - BBC,2
13,xtCYarXLskw,https://www.youtube.com/watch?v=xtCYarXLskw,LIVE: US Election 2020 Results | Donald Trump vs Joe Biden | US Presidential Election Results Live,2
14,pbigUSstyoI,https://www.youtube.com/watch?v=pbigUSstyoI,Pressure Grows On President Trump To Accept Election Results | TODAY,2
15,gJIYfD6CgCE,https://www.youtube.com/watch?v=gJIYfD6CgCE,US Presidential Election 2020: Polling Day special,1
16,fbe7PjnJfKY,https://www.youtube.com/watch?v=fbe7PjnJfKY,Trump speech: 'We're going to the Supreme Court' üá∫üá∏ US Election @BBC News live - BBC,2
17,BoxCIoYRTRA,https://www.youtube.com/watch?v=BoxCIoYRTRA,US Election:  Joe Biden on brink of victory - BBC News,2
18,V1Tsn3D2i0w,https://www.youtube.com/watch?v=V1Tsn3D2i0w,How Safe Are U.S. Election Results?,2
19,VeZELFJMY_I,https://www.youtube.com/watch?v=VeZELFJMY_I,US Elections 2020: Biden gives statement - BBC News,2
20,ajavsMbCapY,https://www.youtube.com/watch?v=ajavsMbCapY,"The Electoral College, explained",1
21,pVZpC45C1UM,https://www.youtube.com/watch?v=pVZpC45C1UM,Biden supporters party as he leads in Pennsylvania üá∫üá∏ US Election @BBC News live - BBC,2
22,oqaqmxZu3aQ,https://www.youtube.com/watch?v=oqaqmxZu3aQ,"US Election: Trump loses ground, blames ‚Äòillegal votes‚Äô | DW News",2
23,I3ViL1NMAMs,https://www.youtube.com/watch?v=I3ViL1NMAMs,US election results: Trump sues as path to victory over Biden narrows - BBC News,2
24,LY8L6C7tsx8,https://www.youtube.com/watch?v=LY8L6C7tsx8,How the US election works - BBC News,1
25,9ejnea_VKbg,https://www.youtube.com/watch?v=9ejnea_VKbg,Joe Biden beats Donald Trump to win US presidential election | US election 2020,2
26,GwnAzt_LvPo,https://www.youtube.com/watch?v=GwnAzt_LvPo,What Do U.S. Elections Look Like Abroad? | NYT Opinion,2
27,GI37qB-bxAg,https://www.youtube.com/watch?v=GI37qB-bxAg,US Election: Why are some states key to winning the presidency?,2
28,wCcyhn4RDVk,https://www.youtube.com/watch?v=wCcyhn4RDVk,Election 2020: What has President Trump done to America? | The Economist,2
29,8Lhj8W4ZQ2M,https://www.youtube.com/watch?v=8Lhj8W4ZQ2M,US election: US attorney general orders 'vote fraud' inquiries - BBC News,1
30,En-TCOJEBp4,https://www.youtube.com/watch?v=En-TCOJEBp4,Incumbent US President Donald Trump acknowledges rival Joe Biden's win | US Election 2020,2
31,qG3ta5dqwgs,https://www.youtube.com/watch?v=qG3ta5dqwgs,Joe Biden wins US election to become 46th President - BBC News,2
32,Iu7AbNaKFqc,https://www.youtube.com/watch?v=Iu7AbNaKFqc,Kamala Harris speech ‚Ä¢ What this moment means for women üá∫üá∏ US Election üî¥ @BBC News live - BBC,1
33,zeGPA1n47UY,https://www.youtube.com/watch?v=zeGPA1n47UY,US election: Trump refuses to initiate transition process | DW News,2
34,aj7ELbw8FxM,https://www.youtube.com/watch?v=aj7ELbw8FxM,Election 2020 results and analysis,2
35,FYx4u70Djw4,https://www.youtube.com/watch?v=FYx4u70Djw4,US election result in balance on final day of campaign - BBC News,2
36,5W9-MJXvtFI,https://www.youtube.com/watch?v=5W9-MJXvtFI,How Joe Biden Won? |¬†US Elections Analysis by Dhruv Rathee,2
37,YOvJ-8rlsjs,https://www.youtube.com/watch?v=YOvJ-8rlsjs,US Election: Trump closer to accepting the reality of his election defeat,2
38,g0Gnh4oBVgA,https://www.youtube.com/watch?v=g0Gnh4oBVgA,US election: The crazy election campaign in three minutes - BBC News,1
39,QBolIeBynMQ,https://www.youtube.com/watch?v=QBolIeBynMQ,USA Elections 2020 | Explained by Dhruv Rathee,2
40,VwE92TnCWes,https://www.youtube.com/watch?v=VwE92TnCWes,US Election 2020: Is American democracy in crisis? - BBC News,2
41,2SYstJspi8k,https://www.youtube.com/watch?v=2SYstJspi8k,"Biden, Trump campaigns enter final sprint: US elections news",2
42,X0ncNWqQee0,https://www.youtube.com/watch?v=X0ncNWqQee0,US Election 2020 Results Live Updates || Donald Trump Vs Joe Biden - Tv9,2
43,7p5xKGtfLSc,https://www.youtube.com/watch?v=7p5xKGtfLSc,Biden and Trump in battleground blitz: US elections news,2
44,AIELYm68akI,https://www.youtube.com/watch?v=AIELYm68akI,What happens if Trump rejects the U.S. election result,2
45,K1Pw2zEALdo,https://www.youtube.com/watch?v=K1Pw2zEALdo,US Elections 2020: The world's most expensive election - BBC News,2
46,oWz-o4WuqhM,https://www.youtube.com/watch?v=oWz-o4WuqhM,US election: Fact vs conspiracy - BBC Newsnight,2
47,uIyAEg3A5iQ,https://www.youtube.com/watch?v=uIyAEg3A5iQ,Biden confirmed as U.S. president-elect by electoral college,2
48,KXD-MkmP8BY,https://www.youtube.com/watch?v=KXD-MkmP8BY,"Trump OKs Biden transition, still refuses to concede | US election 2020",2
49,i6xenpzHL4s,https://www.youtube.com/watch?v=i6xenpzHL4s,US Election: The last votes needed for each candidate,2
50,LkcM2wDGZD4,https://www.youtube.com/watch?v=LkcM2wDGZD4,US Election: Joe Biden ‚Äúconfident of victory‚Äù as he nears winning post - BBC News,2
51,VuBPWbMSKf0,https://www.youtube.com/watch?v=VuBPWbMSKf0,US election 2020: What is the electoral college? - BBC News,1
52,scAv4uvGgkM,https://www.youtube.com/watch?v=scAv4uvGgkM,Trump campaign continues to push back against U.S. election results,2
53,nJaFtr1zC84,https://www.youtube.com/watch?v=nJaFtr1zC84,US Election: Biden takes lead in Georgia,2
54,9tOEvLosuE4,https://www.youtube.com/watch?v=9tOEvLosuE4,US Election: Who voted for Donald Trump?,2
55,Q_XGRNqBqy4,https://www.youtube.com/watch?v=Q_XGRNqBqy4,US presidential election result still uncertain with Biden in the lead | DW News,2
56,T3bQx6sT-UM,https://www.youtube.com/watch?v=T3bQx6sT-UM,"Watch: Donald Trump dances, asking people to vote in US elections",1
57,KtNZV7qezMM,https://www.youtube.com/watch?v=KtNZV7qezMM,US Elections: Trump's statement in Full - BBC News,2
58,TIfiY2RErZI,https://www.youtube.com/watch?v=TIfiY2RErZI,More Republicans say they will object to US election results,2
59,WTBDeaWry4A,https://www.youtube.com/watch?v=WTBDeaWry4A,As it happened: US Election 2020,2
60,fF2Kpa82IGY,https://www.youtube.com/watch?v=fF2Kpa82IGY,US Election 2020: Who is winning the US presidential election?,2
61,ek7PkGd7TT0,https://www.youtube.com/watch?v=ek7PkGd7TT0,US Election 2020: Biden makes statement in Delaware - BBC News,2
62,BSmWmApAX7I,https://www.youtube.com/watch?v=BSmWmApAX7I,More States Certify Election Results As Trump Team Pushes False Claims | TODAY,2
63,_-f8ak0nmcg,https://www.youtube.com/watch?v=_-f8ak0nmcg,US Election 2020 Results Live Updates || Donald Trump Vs Joe Biden - Tv9,2
64,6AX2sZ4Y2e8,https://www.youtube.com/watch?v=6AX2sZ4Y2e8,US Election 2020: Counting goes on in key states - BBC News,2
65,9HPF1r3brX0,https://www.youtube.com/watch?v=9HPF1r3brX0,Joe Biden leads polls in US election | 9 News Australia,2
66,T3KI3OE3qHY,https://www.youtube.com/watch?v=T3KI3OE3qHY,Senator Plans To Object To Electoral College Vote In Effort To Overturn Election Results | TODAY,2
67,B_MbdRaEM18,https://www.youtube.com/watch?v=B_MbdRaEM18,US Election: Tensions rising as Trump lead narrows in Georgia,2
68,PPtZr7TWssQ,https://www.youtube.com/watch?v=PPtZr7TWssQ,US Election: Head-to-head race with no clear winner in sight | DW News,2
69,dwomNoDyYfg,https://www.youtube.com/watch?v=dwomNoDyYfg,Pennsylvania 2020 Election: Why This Ex-Trump Voter Backs Biden,2
70,q_5Sy8sFsyk,https://www.youtube.com/watch?v=q_5Sy8sFsyk,Six states that could swing the 2020 presidential election,2
71,jD0UKBkJ3MA,https://www.youtube.com/watch?v=jD0UKBkJ3MA,Supreme Court Rejects Texas Lawsuit To Overturn Presidential Election Results | TODAY,2
72,5uD5Z5P6bIs,https://www.youtube.com/watch?v=5uD5Z5P6bIs,Russia's President Vladimir Putin breaks silence over the US Presidential Election,2
73,9W_hKikyoUM,https://www.youtube.com/watch?v=9W_hKikyoUM,"US Election: Trump ahead in Florida, indicating a close race | DW News",2
74,48EZKXweGDo,https://www.youtube.com/watch?v=48EZKXweGDo,Election Basics: Crash Course Government and Politics #36,1
75,RwLYWcj5NQc,https://www.youtube.com/watch?v=RwLYWcj5NQc,How U.S. presidential elections typically impact stocks,2
76,eSG4hiroE0Q,https://www.youtube.com/watch?v=eSG4hiroE0Q,US election 2020: Final presidential debate between Trump and Biden,2
77,WCQr4CBVWGg,https://www.youtube.com/watch?v=WCQr4CBVWGg,U.S. election: What early voting patterns say about the race,2
78,oEkhW8m7rdo,https://www.youtube.com/watch?v=oEkhW8m7rdo,How The States Voted In Every Presidential Election,1
79,HYHu9PMY_C4,https://www.youtube.com/watch?v=HYHu9PMY_C4,US Elections vs. the Stock Market,1
80,v-43wPyblUA,https://www.youtube.com/watch?v=v-43wPyblUA,"WATCH: Election results for Trump, Biden and key swing state races | USA TODAY",2
81,105yW4dopLc,https://www.youtube.com/watch?v=105yW4dopLc,US election: Biden responds to Trump's backtrack on recognizing his win,2
82,yiqp7gNdKjA,https://www.youtube.com/watch?v=yiqp7gNdKjA,"US election: Trump, Biden face off in final presidential debate | FULL",2
83,ok_VQ8I7g6I,https://www.youtube.com/watch?v=ok_VQ8I7g6I,Electing a US President in Plain English,1
84,8obZDUlFmcI,https://www.youtube.com/watch?v=8obZDUlFmcI,US Election 2020: Trump to have ‚Äòpeaceful‚Äô exit from White House | 9 News Australia,2
85,R602Wj-1gnQ,https://www.youtube.com/watch?v=R602Wj-1gnQ,US Congress to certify Biden's victory in Presidential election,2
86,0prleuJW7CY,https://www.youtube.com/watch?v=0prleuJW7CY,US election security officials reject Trump's fraud claims - BBC News,2
87,7b-3NOV6ERA,https://www.youtube.com/watch?v=7b-3NOV6ERA,US elections 2020: Trump and Biden spar in more restrained event,2
88,2CjoOFFXYJA,https://www.youtube.com/watch?v=2CjoOFFXYJA,US top court refuses to take up latest Trump election challenge,2
89,5H-Sr976M8s,https://www.youtube.com/watch?v=5H-Sr976M8s,US Elections Dilemma: What Happens When Donald Trump Will Leave White House? Explains Geeta Mohan,2
90,LyC855KdBKo,https://www.youtube.com/watch?v=LyC855KdBKo,Election Results 2020: Last Week Tonight with John Oliver (HBO),2
91,LxqnCa59gLI,https://www.youtube.com/watch?v=LxqnCa59gLI,US Election: Trump claims ‚Äútheft and fraud‚Äù as Biden awaits victory - BBC News,2
92,mreNn_2-QJ8,https://www.youtube.com/watch?v=mreNn_2-QJ8,2020 election results and continuing coverage,2
93,jxHxrEAvFog,https://www.youtube.com/watch?v=jxHxrEAvFog,US elections 2020: And winner is..,2
94,aXBZvHsQ3qI,https://www.youtube.com/watch?v=aXBZvHsQ3qI,"US Elections 2020: Biden Inches Closer To Win, Trump Vows Legal Challenge",2
95,Oj9GpZB9cuc,https://www.youtube.com/watch?v=Oj9GpZB9cuc,Election 2020 Results: Swing states still being decided in race between Trump and Biden | USA TODAY,2
96,nkW5SUmwMSo,https://www.youtube.com/watch?v=nkW5SUmwMSo,How the 2020 presidential election could affect markets,2
97,e0tIkqw6uc4,https://www.youtube.com/watch?v=e0tIkqw6uc4,What next for Donald Trump after his election defeat to Joe Biden? | ITV News,2
98,Qr7pGql7aiE,https://www.youtube.com/watch?v=Qr7pGql7aiE,US Election 2020: Trump supporters show Biden winning Pennsylvania won't be easy,2
99,FmM3QHPdTwk,https://www.youtube.com/watch?v=FmM3QHPdTwk,US election: How will protests against a 'stolen election' affect America? - BBC Newsnight,2
100,71XdWDMivfA,https://www.youtube.com/watch?v=71XdWDMivfA,Why the Indian-American vote matters in the upcoming 2020 US elections,0
101,wpU7Q8bT9wA,https://www.youtube.com/watch?v=wpU7Q8bT9wA,US Election: Trump is 'last among United States presidents',2
102,rN8wIuuyAb0,https://www.youtube.com/watch?v=rN8wIuuyAb0,US Congress: Republicans challenge Biden win against Trump in presidential election ‚Äì watch live,2
103,lOxr90niJl4,https://www.youtube.com/watch?v=lOxr90niJl4,He's been correct for 40 years - now historian predicts 2020 election winner | 9 News Australia,2
104,v0Tz8M-2uCk,https://www.youtube.com/watch?v=v0Tz8M-2uCk,US elections: Trump campaign appeals loss in Pennsylvania election dispute,2
105,WiCaNBRAxQM,https://www.youtube.com/watch?v=WiCaNBRAxQM,How the US counts votes,2
106,1nE9oOH73OQ,https://www.youtube.com/watch?v=1nE9oOH73OQ,US Elections 2020 Results: Here's What We Know So Far | Big Story,1
107,39FjUYfvMgs,https://www.youtube.com/watch?v=39FjUYfvMgs,Why does the US vote for president on Tuesdays? | US Elections 2016,1
108,gCoU_tdgVMA,https://www.youtube.com/watch?v=gCoU_tdgVMA,Why Trump fired the official charged with securing U.S. elections,2
109,5IESSHCZMds,https://www.youtube.com/watch?v=5IESSHCZMds,US election: Trump urges lawmakers to ignore official election results,2
110,I4bttGCd8_k,https://www.youtube.com/watch?v=I4bttGCd8_k,How does the US electoral college work? | US Elections 2016,2
111,lDgryd73r0k,https://www.youtube.com/watch?v=lDgryd73r0k,"US election: Just a matter of time before Republicans stop backing President Trump, Sen. Coons says",2
112,Z2XFzH8e5ow,https://www.youtube.com/watch?v=Z2XFzH8e5ow,"US election: Trump finally acknowledges Biden win, still refuses to concede",2
113,ROMf2hACF6Y,https://www.youtube.com/watch?v=ROMf2hACF6Y,USA Elections: America ‡§Æ‡•á‡§Ç Presidential Election ‡§ï‡•à‡§∏‡•á ‡§π‡•ã‡§§‡§æ ‡§π‡•à? (BBC Hindi),0
114,FrrlsJDh0fc,https://www.youtube.com/watch?v=FrrlsJDh0fc,The final push before Election Day,2
115,CkoVVEIsptQ,https://www.youtube.com/watch?v=CkoVVEIsptQ,Trump advisor believes presidency is still in play: US Election | 9 News Australia,2
116,6rm9oQt6YgY,https://www.youtube.com/watch?v=6rm9oQt6YgY,The US Elections Explained: The Nomination Process,1
117,XIBUAKL6hT4,https://www.youtube.com/watch?v=XIBUAKL6hT4,World reactions mixed after Joe Biden‚Äôs 2020 US presidential election victory,2
118,XoFEWEdRrpg,https://www.youtube.com/watch?v=XoFEWEdRrpg,US elections 2020: Native Americans could sway some swing states,2
119,hyj8iHGI8K8,https://www.youtube.com/watch?v=hyj8iHGI8K8,New wave of first-time voters in US elections,2
120,KrNYlQED_vg,https://www.youtube.com/watch?v=KrNYlQED_vg,US Presidential Election - Important Terms and Terminologies of US elections explained #UPSC #IAS,0
121,SBjxGekgpZs,https://www.youtube.com/watch?v=SBjxGekgpZs,99% People Are Not Happy With Trump: Indian Americans | US Elections 2020 | ABP News,2
122,GbGxaCP67nw,https://www.youtube.com/watch?v=GbGxaCP67nw,What investors are predicting for the 2020 U.S. elections: Survation survey,2
123,K8Z9Kqhrh5c,https://www.youtube.com/watch?v=K8Z9Kqhrh5c,Watch In Full: Trump versus Biden in the first US Presidential election debate,2
124,BSTOY7DfV08,https://www.youtube.com/watch?v=BSTOY7DfV08,US ELECTIONS 2020,1
125,RJtnqstuL_4,https://www.youtube.com/watch?v=RJtnqstuL_4,"US Elections | Defeat for Trump: What Latest Surveys, Betting Market Estimates Predict",2
126,qTsoDW0UxMk,https://www.youtube.com/watch?v=qTsoDW0UxMk,Swing states still undecided in race between Trump and Biden | USA TODAY,2
127,789H21_ABZ0,https://www.youtube.com/watch?v=789H21_ABZ0,"US Elections 2020: ‚ÄòNo doubt we will be declared winners,‚Äô says Joe Biden",2
128,8Ad15RCwbmg,https://www.youtube.com/watch?v=8Ad15RCwbmg,How Trump reacted to losing the US election,2
129,pp8bKdYdqZc,https://www.youtube.com/watch?v=pp8bKdYdqZc,US election: Congress' certification of Joe Biden's win interrupted amid security concerns,2
130,29Cwhj1oaYk,https://www.youtube.com/watch?v=29Cwhj1oaYk,Biden vs Trump: The US Election Explained as America Takes to the Polls | Good Morning Britain,2
131,BLfSXYz1Ph4,https://www.youtube.com/watch?v=BLfSXYz1Ph4,US Elections 2020 Results With Prannoy Roy,2
132,lkrmeZRJ5KE,https://www.youtube.com/watch?v=lkrmeZRJ5KE,"US election: Court hearings on Trump's ""stolen election"" claims set to start",2
133,1hRU_9dUM24,https://www.youtube.com/watch?v=1hRU_9dUM24,Which swing states could decide the US election?,2
134,4Rnb0j-bNmM,https://www.youtube.com/watch?v=4Rnb0j-bNmM,Can Trump steal the election?,2
135,rMCdNwc6VZs,https://www.youtube.com/watch?v=rMCdNwc6VZs,US Election: 'Donald Trump has the right to wait until the vote is certified',2
136,cRyOJZMEUX4,https://www.youtube.com/watch?v=cRyOJZMEUX4,Road to 270: Polls show Trump leading in only 2 battleground states,2
137,UEN8jEZaAbI,https://www.youtube.com/watch?v=UEN8jEZaAbI,US election: Trump supporters rally against election results following Biden victory,2
138,uwkUlLqzJ6w,https://www.youtube.com/watch?v=uwkUlLqzJ6w,US elections: Democratic nominees reveal policy positions,2
139,za6u4KpnsDA,https://www.youtube.com/watch?v=za6u4KpnsDA,Why 2020 U.S elections will Impact India-U.S relations Current Affairs 2020 #UPSC #IAS,2
140,CPYFiaL6cTE,https://www.youtube.com/watch?v=CPYFiaL6cTE,Continuing coverage and analysis of 2020 election results,2
141,K7rA_5zRw7Y,https://www.youtube.com/watch?v=K7rA_5zRw7Y,Americans divided over presidential election results,2
142,pMmRXJIAWqo,https://www.youtube.com/watch?v=pMmRXJIAWqo,US election: Electoral College to confirm Joe Biden win,2
143,WoQ-kxHOOeY,https://www.youtube.com/watch?v=WoQ-kxHOOeY,"US election: ""Numbers don‚Äôt lie,"" ballot recount in Georgia shows Biden lead over Trump",2
144,QMiVstjhxSY,https://www.youtube.com/watch?v=QMiVstjhxSY,ELECTION 2020: Live coverage of the presidential election; Florida and Tampa Bay area results,2
145,lNzg8JX6G2w,https://www.youtube.com/watch?v=lNzg8JX6G2w,US election: Why won't Trump concede the election to Biden?,2
146,zA4F_BBt5ng,https://www.youtube.com/watch?v=zA4F_BBt5ng,Moscow says U.S. election exposes flaws,1
147,oCLn0Mu8VgE,https://www.youtube.com/watch?v=oCLn0Mu8VgE,What the latest effort to overturn presidential election results says about Republican Party,2
148,txbUNP4Wlag,https://www.youtube.com/watch?v=txbUNP4Wlag,Faith v fraud: how Biden and Trump reacted to the US election results,2
149,FSxH4P58q4Y,https://www.youtube.com/watch?v=FSxH4P58q4Y,US election: Here's how the electoral college works,2
150,67w2722DQeg,https://www.youtube.com/watch?v=67w2722DQeg,US Presidential Election - Complete process of US election explained #UPSC #IAS,0
151,skav0Vbrn_Y,https://www.youtube.com/watch?v=skav0Vbrn_Y,Biden eyes victory as Trump fires warning tweet: US election | 9 News Australia,2
152,f2YlaXFZg8Q,https://www.youtube.com/watch?v=f2YlaXFZg8Q,Donald Trump holds first rally since U.S. election ahead of crucial Georgia Senate runoff,2
153,4sC-k-92JBE,https://www.youtube.com/watch?v=4sC-k-92JBE,Fox News projects Joe Biden will win 2020 presidential election,2
154,obDRwMMjyEY,https://www.youtube.com/watch?v=obDRwMMjyEY,US Elections | Joe Biden Urges Americans to be Calm As Votes Are Still Counted | The Quint,2
155,gTRtx2PCras,https://www.youtube.com/watch?v=gTRtx2PCras,Minority communities targeted by misleading info in US elections,2
156,JMO2yVT0TBo,https://www.youtube.com/watch?v=JMO2yVT0TBo,US election: Judge dismisses Trump Pennsylvania lawsuit as ‚Äúwithout merit‚Äù,2
157,cMz_sTgoydQ,https://www.youtube.com/watch?v=cMz_sTgoydQ,Trump & Election Results: Last Week Tonight with John Oliver (HBO),2
158,A1DEd0iKC8Q,https://www.youtube.com/watch?v=A1DEd0iKC8Q,"Election Night 2020: Coverage of Trump, Biden and key races | USA TODAY",2
159,Deujz7dajHU,https://www.youtube.com/watch?v=Deujz7dajHU,Why was ballot counting halted in Philadelphia? | US election 2020,2
160,6BpmoKQBmFo,https://www.youtube.com/watch?v=6BpmoKQBmFo,Trump yet to concede after Biden win: US Election | 9 News Australia,2
161,8ivhfiVlsF8,https://www.youtube.com/watch?v=8ivhfiVlsF8,US Elections : What about climate change?,2
162,A8yTVnUf-Ls,https://www.youtube.com/watch?v=A8yTVnUf-Ls,What the polls say about the presidential race 6 days before election,2
163,Z4MRIg6bPnc,https://www.youtube.com/watch?v=Z4MRIg6bPnc,US Elections 2020 | How Biden Won & What Played Out | The Quint,2
164,K0KmOehKsQk,https://www.youtube.com/watch?v=K0KmOehKsQk,US Election: What will it take to win?,2
165,uf3Ps5dHxrE,https://www.youtube.com/watch?v=uf3Ps5dHxrE,The U.S. Presidential Election: Can Donald Trump once again defy the polls? | Four Corners,2
166,5mMhn_pGHRA,https://www.youtube.com/watch?v=5mMhn_pGHRA,US elections 2020: Trump holding five rallies in three days,2
167,Jdadb7qMBcE,https://www.youtube.com/watch?v=Jdadb7qMBcE,US Presidential Election explained (explainity¬Æ explainer video),2
168,Dh1tnjB7SCE,https://www.youtube.com/watch?v=Dh1tnjB7SCE,US Capitol riot: Donald Trump concedes presidential election amid riot backlash,2
169,jTkLcV334pU,https://www.youtube.com/watch?v=jTkLcV334pU,Why Europe is praying for Trump to lose the US election | DW Analysis,2
170,b_2xz0cvrK8,https://www.youtube.com/watch?v=b_2xz0cvrK8,Pence declares Biden the winner of the 2020 presidential election,2
171,Axxem0eDgg4,https://www.youtube.com/watch?v=Axxem0eDgg4,US Elections 2020 | Update on results: Sherwin Bryce-Pease,2
172,ng5Qg3XDnFs,https://www.youtube.com/watch?v=ng5Qg3XDnFs,US Presidential Election : Concept Talk by Dr. Vikas Divyakirti,0
173,hoxN3zX6bIg,https://www.youtube.com/watch?v=hoxN3zX6bIg,US Elections 2020: The impact of a Trump victory,1
174,srDL3BfLWWw,https://www.youtube.com/watch?v=srDL3BfLWWw,"2020 US Elections: Sober Trump, Savage Biden: How the Final US Presidential Debate Played Out",2
175,8X-1pujMELk,https://www.youtube.com/watch?v=8X-1pujMELk,Why China is rooting for a Trump re-election | US elections 2020,1
176,3gQ3sPFQQck,https://www.youtube.com/watch?v=3gQ3sPFQQck,US Elections 2020: Why Joe Biden Or Donald Trump May Refuse To Concede The Election On November 3,2
177,7aKTFF8Fxf0,https://www.youtube.com/watch?v=7aKTFF8Fxf0,Trump compares 2020 US election to 'third world nation',2
178,48elf9KnW1k,https://www.youtube.com/watch?v=48elf9KnW1k,US Elections 2020 | Biden edges closer to electoral victory,2
179,886nnRdCNP0,https://www.youtube.com/watch?v=886nnRdCNP0,Latest presidential election update,2
180,fSU4TnHs8Hs,https://www.youtube.com/watch?v=fSU4TnHs8Hs,US Elections | Going to Win This: Biden Says As He Leads White House Race | The Quint,2
181,wL-WEQpnzqQ,https://www.youtube.com/watch?v=wL-WEQpnzqQ,LIVE: Americans head to the polls on Election Day,2
182,eiTqL8nikcs,https://www.youtube.com/watch?v=eiTqL8nikcs,US Elections 2020 | Update on polls in Washington: Kate Fisher,2
183,AEGHRPCVGd4,https://www.youtube.com/watch?v=AEGHRPCVGd4,US Elections 2020 | Electoral College update,2
184,N_3GPCra51A,https://www.youtube.com/watch?v=N_3GPCra51A,Hong Kong residents closely watching results of 2020 US elections,2
185,ySXFmPENFoI,https://www.youtube.com/watch?v=ySXFmPENFoI,US Presidential election: Certification law locks Congress into accepting Biden win,2
186,KkbgnxFWw9k,https://www.youtube.com/watch?v=KkbgnxFWw9k,Live coverage of Joe Biden capturing the presidency | USA TODAY,2
187,C8FzVistDHY,https://www.youtube.com/watch?v=C8FzVistDHY,Professor who's been right about every election since 1984 reveals his 2020 prediction,2
188,Ex2m5M2dkC8,https://www.youtube.com/watch?v=Ex2m5M2dkC8,Discussion Today - U S Elections: The Indian-American Vote,1
189,coFDdE6U0Xw,https://www.youtube.com/watch?v=coFDdE6U0Xw,Vir Das | WINNING THE AMERICAN ELECTION 2020 | A rant,2
190,5S7eKbCTYe4,https://www.youtube.com/watch?v=5S7eKbCTYe4,The Big Picture - US Elections Enter Final Stretch,2
191,MvuZ0iNUslA,https://www.youtube.com/watch?v=MvuZ0iNUslA,US Elections 2020 | Donald Trump | Joe Biden| Kamala Harris | View from India | Barkha Dutt,0
192,iLX9Jn5IPL4,https://www.youtube.com/watch?v=iLX9Jn5IPL4,US elections 2020: Joe Biden's victory across three states,2
193,CqRow1DlcUk,https://www.youtube.com/watch?v=CqRow1DlcUk,"US Elections 2020 | Trump, Biden still in the race: Sherwin Byce-Pease",2
194,fFy2MxkEs0A,https://www.youtube.com/watch?v=fFy2MxkEs0A,US Elections 2020: The impact of a Biden victory,2
195,Jso8E3FSg4s,https://www.youtube.com/watch?v=Jso8E3FSg4s,Big News Big Debate : Donald Trump vs Joe Biden || US Elections 2020 - Rajinikanth TV9,0
196,y7-prYZpE84,https://www.youtube.com/watch?v=y7-prYZpE84,"Congress formally certifies Joe Biden, Kamala Harris as winners of 2020 election | FULL",2
197,FKlNZ_0weuk,https://www.youtube.com/watch?v=FKlNZ_0weuk,US electoral college confirms Joe Biden's win over Trump: 'Democracy prevailed',2
198,5pgRZ0P3F0Y,https://www.youtube.com/watch?v=5pgRZ0P3F0Y,US Elections: 5 Facts you DIDN'T know about voting in the US | Free Documentary,1
199,AZjv5YzOaWc,https://www.youtube.com/watch?v=AZjv5YzOaWc,Trump still falsely claims he won presidential election,2
200,unSQFI7r9JE,https://www.youtube.com/watch?v=unSQFI7r9JE,US elections: Joe Biden says team will repair pandemic damage,1
201,zWWCziqaOWQ,https://www.youtube.com/watch?v=zWWCziqaOWQ,How Donald Trump's relationship with social media turned sour | US elections 2020,1
202,9eMoCW1Pq54,https://www.youtube.com/watch?v=9eMoCW1Pq54,CNN's Van Jones brought to tears as Joe Biden wins US election,2
203,k0LOyGtNQnc,https://www.youtube.com/watch?v=k0LOyGtNQnc,What Is Trump‚Äôs Endgame With Fighting The Election Results? | Sunday TODAY,2
204,fdaB1UP20iw,https://www.youtube.com/watch?v=fdaB1UP20iw,US election: Joe Biden speaks after Electoral College finishes voting | FULL,2
205,8KZOG3aceUk,https://www.youtube.com/watch?v=8KZOG3aceUk,Merkel congratulates Joe Biden: International reactions on the US election | DW News,2
206,C1fbskzWpiA,https://www.youtube.com/watch?v=C1fbskzWpiA,US Elections 2020 I Dr Thokozani Chilenga-Butao's analysis,2
207,BWfeRXsKuLw,https://www.youtube.com/watch?v=BWfeRXsKuLw,US Elections: Is Trump Leading Towards Victory? | ABP News,2
208,xCJ0_P7tP3U,https://www.youtube.com/watch?v=xCJ0_P7tP3U,Kabbalistic Astrologer Predicts Outcome of US 2020 Presidential Election,1
209,6wd4rj_aDnw,https://www.youtube.com/watch?v=6wd4rj_aDnw,US Elections 2020 | Trump accuses Democrats of rigging vote counting,2
210,jRJHiMvXt_g,https://www.youtube.com/watch?v=jRJHiMvXt_g,2020 US Presidential Election and its impact of Indian Stock Market explained #UPSC #IAS,0
211,LE7xC9G12_g,https://www.youtube.com/watch?v=LE7xC9G12_g,US ELECTIONS 2020:  Journalist Avinash Kalla & Poll Expert Andrew Claster Talk To Sanjay Pugalia,1
212,O1mOhKHd5Yw,https://www.youtube.com/watch?v=O1mOhKHd5Yw,US Elections: What Happens If There's A Recount?,2
213,Q0qMGZ0pJ8g,https://www.youtube.com/watch?v=Q0qMGZ0pJ8g,US Elections: Joe Biden delivers speech,2
214,v7gZPEeOh1I,https://www.youtube.com/watch?v=v7gZPEeOh1I,Can Ranked-Choice Voting Change U.S. Elections?,1
215,J122iY1ttEU,https://www.youtube.com/watch?v=J122iY1ttEU,"US Elections | Trump Claims Win, Says Will Go to SCOTUS to Stop Counting of Votes | The Quint",2
216,98jBYxaBMH4,https://www.youtube.com/watch?v=98jBYxaBMH4,US Elections 2020 | Latest results with Sherwin Bryce-Pease,1
217,Ys-FtMRXohs,https://www.youtube.com/watch?v=Ys-FtMRXohs,US Elections 2020: What a Biden-Harris Presidency means for India,2
218,jSv3X-6vBKs,https://www.youtube.com/watch?v=jSv3X-6vBKs,Russia is closely monitoring U.S. elections amid concerns about interference,1
219,w03iX3-UhxY,https://www.youtube.com/watch?v=w03iX3-UhxY,US elections: High numbers of Americans turn out for early voting,1
220,R21tf_5zLcs,https://www.youtube.com/watch?v=R21tf_5zLcs,How Donald Trump‚Äôs Self-Destructive Choices Led To His Downfall | US Elections 2020,2
221,DWNl6FQZUSQ,https://www.youtube.com/watch?v=DWNl6FQZUSQ,US Elections: Donald Trump goes live,1
222,yyUTyRqoXjM,https://www.youtube.com/watch?v=yyUTyRqoXjM,US election: Mitch McConnell acknowledges Biden-Harris election victory,2
223,xH9Cq3d67fc,https://www.youtube.com/watch?v=xH9Cq3d67fc,"Live coverage: Joe Biden wins presidency, CBS News projects",2
224,CweqW7Pzxz8,https://www.youtube.com/watch?v=CweqW7Pzxz8,First presidential debate in full: Trump vs Biden | US Election 2020,2
225,6cGz8aIzaxM,https://www.youtube.com/watch?v=6cGz8aIzaxM,US elections: How the race between Trump and Biden has divided America more than ever,2
226,CcnFnLml5DY,https://www.youtube.com/watch?v=CcnFnLml5DY,How U.S. election night unfolded in 7 minutes,2
227,iCaDn2-gx6g,https://www.youtube.com/watch?v=iCaDn2-gx6g,US elections: The significance of Super Tuesday,1
228,XN0TcXUlRI8,https://www.youtube.com/watch?v=XN0TcXUlRI8,Key states certify presidential election results,2
229,qaulMXwj-OY,https://www.youtube.com/watch?v=qaulMXwj-OY,US Elections 2020: Kamala Harris full speech as she makes history as vice president,2
230,G_usaB8EAcs,https://www.youtube.com/watch?v=G_usaB8EAcs,Understanding the US Elections,1
231,h56p7GyN-To,https://www.youtube.com/watch?v=h56p7GyN-To,Pre Poll shows Biden is a winner in | US elections,0
232,Fz6pBTrVoto,https://www.youtube.com/watch?v=Fz6pBTrVoto,Georgia recount confirms Biden victory | 2020 US Presidential Election,2
233,Z3ga_ixRC6o,https://www.youtube.com/watch?v=Z3ga_ixRC6o,POTUS | US Election 2020 | Impact of Joe Biden on India US Relation | US me Election Kaise Hota Hai,0
234,DsCm6nnzEW0,https://www.youtube.com/watch?v=DsCm6nnzEW0,US Elections: New Yorkers react to upcoming results,1
235,KpamjJtXqFI,https://www.youtube.com/watch?v=KpamjJtXqFI,The man who rigged America's election maps,1
236,ymL3K0cfPQU,https://www.youtube.com/watch?v=ymL3K0cfPQU,The strange situation in US Elections 2020,1
237,tC73RS6hwzc,https://www.youtube.com/watch?v=tC73RS6hwzc,US Election: Trump supporters vow to fight on,2
238,bPw1yUpO470,https://www.youtube.com/watch?v=bPw1yUpO470,Trump Supporters & Biden Supporters React To The U.S. 2020 Election,2
239,pmwuK3K1Jt8,https://www.youtube.com/watch?v=pmwuK3K1Jt8,Trump campaign officials dispute U.S. election results but provide no evidence,2
240,Gas0nOm3neg,https://www.youtube.com/watch?v=Gas0nOm3neg,How will the U.S. elections affect Southeast Asia and Singapore? | Experts Explain,1
241,xlc_mW8U2Xw,https://www.youtube.com/watch?v=xlc_mW8U2Xw,Vice President-elect Kamala Harris and President-elect Joe Biden delivers a victory speech,2
242,jORXzfYXQGo,https://www.youtube.com/watch?v=jORXzfYXQGo,Special Transmission | US Elections 2020 | ARY News | Waseem Badami (Part-1),0
243,GQ3Tv4MRGek,https://www.youtube.com/watch?v=GQ3Tv4MRGek,US Elections: Trump falsely claims US election victory but Biden also predicts win,2
244,_dx7tSixMWY,https://www.youtube.com/watch?v=_dx7tSixMWY,US Elections: Protesters chant 'Stop the count' outside election facility in Detroit,1
245,bzqDdU2SSH0,https://www.youtube.com/watch?v=bzqDdU2SSH0,Useful Vocabulary to Understand the US Election | Trump vs Biden 2020 üá∫üá∏,2
246,-xrKeBFHIaY,https://www.youtube.com/watch?v=-xrKeBFHIaY,In full: Congress certifies Joe Biden's election win after mob storms Capitol,2
247,u2fq3fwC--s,https://www.youtube.com/watch?v=u2fq3fwC--s,Congress continues Electoral College vote after pro-Trump mob forced lockdown | USA TODAY,2
248,qObkwmEfu8s,https://www.youtube.com/watch?v=qObkwmEfu8s,US elections: Which way will the battleground states of Minnesota and Wisconsin swing?,1
249,3he1bjqwOBo,https://www.youtube.com/watch?v=3he1bjqwOBo,US Elections 2020 | Russia reacts to US election outcome,1
250,cFCWvOQFJ-c,https://www.youtube.com/watch?v=cFCWvOQFJ-c,US election: Biden supporters celebrate his victory in streets across the country,2
251,_MaLvs9v0OE,https://www.youtube.com/watch?v=_MaLvs9v0OE,US elections | Trump's tenure under scrutiny,2
252,fecuCJYQ45c,https://www.youtube.com/watch?v=fecuCJYQ45c,US election: Trump supporters rally in DC against Congress' certification of Biden victory,2
253,1pFWtfFtviY,https://www.youtube.com/watch?v=1pFWtfFtviY,US election: Donald Trump recorded begging Georgia official to overturn Biden victory,2
254,WOXHMfKvvsk,https://www.youtube.com/watch?v=WOXHMfKvvsk,Voting Begins in US Presidential Race | US Elections 2016 | Story Board Part 02,1
255,R_peotNv9H8,https://www.youtube.com/watch?v=R_peotNv9H8,U.S. Elections: The Road to the White House,1
256,6wLUqKz7A0I,https://www.youtube.com/watch?v=6wLUqKz7A0I,US Elections 2020: Popular vote vs electoral college,0
257,UxO_E0f83AA,https://www.youtube.com/watch?v=UxO_E0f83AA,Hear Trump ask Georgia officials to overturn 2020 election,2
258,LVt-VfDkNUw,https://www.youtube.com/watch?v=LVt-VfDkNUw,Georgia election | Live coverage of U.S. Senate runoff races,1
259,hYiwaAmRUHU,https://www.youtube.com/watch?v=hYiwaAmRUHU,Could Donald Trump face prosecution when he leaves office? | US election 2020,2
260,eeu4IqcvWOc,https://www.youtube.com/watch?v=eeu4IqcvWOc,"US Elections - Trump Questions Integrity of Voting System / Trump: I have used tax laws ""brilliantly",2
261,WZWRhLW7Y8w,https://www.youtube.com/watch?v=WZWRhLW7Y8w,What if a US presidential candidate refuses to concede after an election? | Van Jones,2
262,XebP6GSy_6I,https://www.youtube.com/watch?v=XebP6GSy_6I,U.S. Elections: Caucuses Explained,1
263,hyzJWdNgQT0,https://www.youtube.com/watch?v=hyzJWdNgQT0,US election day 2020: BBC News Review,2
264,XHWNTSkLTkw,https://www.youtube.com/watch?v=XHWNTSkLTkw,US Election: Michigan militia preparing 'for civil war',1
265,EFVzyw8St8c,https://www.youtube.com/watch?v=EFVzyw8St8c,US Elections: Nevada electoral officials give update on ballot counting in crucial state,1
266,0BNzKtkSKJk,https://www.youtube.com/watch?v=0BNzKtkSKJk,DAY BREAK | The US elections,1
267,C-giQvPj4J0,https://www.youtube.com/watch?v=C-giQvPj4J0,The US electoral system explained,2
268,Vc46IR9aN7w,https://www.youtube.com/watch?v=Vc46IR9aN7w,How Iranians are watching the US Elections | Bigger Than Five,1
269,2gZEZ9BKVH8,https://www.youtube.com/watch?v=2gZEZ9BKVH8,Inside the different ballots used in U.S. elections,1
270,qo0_4bhAWWs,https://www.youtube.com/watch?v=qo0_4bhAWWs,How US Elections will Impact Indian Stock Market?,1
271,hAootpmV44s,https://www.youtube.com/watch?v=hAootpmV44s,US Election 2020 | SA politicians weigh-in on US elections,1
272,x4-SckQekWs,https://www.youtube.com/watch?v=x4-SckQekWs,Special Transmission | US Elections 2020 | ARY News | Waseem Badami (Part-2),1
273,exhEBkbmLfM,https://www.youtube.com/watch?v=exhEBkbmLfM,How do you report on the US elections during a pandemic? | Between Us,2
274,d4HynDlNjl8,https://www.youtube.com/watch?v=d4HynDlNjl8,US Election: Who has the easier path to power?,2
275,mCylh5kHsB4,https://www.youtube.com/watch?v=mCylh5kHsB4,US Elections: The Caucus Explained,1
276,wXRrmdqUGGQ,https://www.youtube.com/watch?v=wXRrmdqUGGQ,How to perfectly predict American elections,1
277,3Fsf4aWudJk,https://www.youtube.com/watch?v=3Fsf4aWudJk,"Live coverage: Protesters swarm Capitol, abruptly halting electoral vote count",2
278,YiCeGcq1poc,https://www.youtube.com/watch?v=YiCeGcq1poc,Trump Vs Biden | Final Countdown To US Elections Begins | NewsX,2
279,LhZwf_a8hUE,https://www.youtube.com/watch?v=LhZwf_a8hUE,US Election Fallout Behind the Scenes | Between Us,2
280,Sai5Ab5xFRk,https://www.youtube.com/watch?v=Sai5Ab5xFRk,Trump tells Putin at G20 summit: Don't meddle in U.S. elections,2
281,X2VJdx4eTH8,https://www.youtube.com/watch?v=X2VJdx4eTH8,Edward Snowden Reacts To Russia Meddling In U.S. Elections | The 11th Hour | MSNBC,1
282,h1dQT1JRASQ,https://www.youtube.com/watch?v=h1dQT1JRASQ,"US Elections | 'A New Day for America,' Says Vice President-Elect #KamalaHarris After Victory",0
283,Pzq2slM4Wu4,https://www.youtube.com/watch?v=Pzq2slM4Wu4,Hacking help for US elections - 6 Minute English,2
284,oFmIbrPWJ1g,https://www.youtube.com/watch?v=oFmIbrPWJ1g,Swing States in US Elections,1
285,z0R5l4fD9uI,https://www.youtube.com/watch?v=z0R5l4fD9uI,US election latest: What happened? What next?,2
286,7NVa4WNRBw4,https://www.youtube.com/watch?v=7NVa4WNRBw4,‡∞Ö‡∞Æ‡±Ü‡∞∞‡∞ø‡∞ï‡∞æ ‡∞ì‡∞ü‡±Å  :‡∞ü‡±ç‡∞∞‡∞Ç‡∞™‡±ç Vs ‡∞¨‡±à‡∞°‡±Ü‡∞®‡±ç | US Elections 2020 Live Updates | Donald Trump Vs Joe Biden | 10TV,2
287,3ENmAbpir-Y,https://www.youtube.com/watch?v=3ENmAbpir-Y,Funniest US Elections 2020 MEMES | Donald Trump Vs Joe Biden,2
288,F9g_etX4mlk,https://www.youtube.com/watch?v=F9g_etX4mlk,Former US Election Security Chief Reacts To Comment That He Should Be ‚ÄòShot‚Äô | TODAY,2
289,vKrfpQVUsGU,https://www.youtube.com/watch?v=vKrfpQVUsGU,US elections: Where does India stand? | DW News,0
290,hhG4ukG9lzY,https://www.youtube.com/watch?v=hhG4ukG9lzY,US Elections 2020 | Analysis with Lebohang Pheko,2
291,sq1WdV60S3M,https://www.youtube.com/watch?v=sq1WdV60S3M,Aftermath of US elections: Celebrations across the world,2
292,SF9bAnbZrTU,https://www.youtube.com/watch?v=SF9bAnbZrTU,"US ELECTIONS, COVID VACCINES & LOVE JIHAD | EIC Charcha",2
293,BsXjeWldTow,https://www.youtube.com/watch?v=BsXjeWldTow,How Does Money Affect The U.S. Elections?,1
294,WcQpkIU2aXM,https://www.youtube.com/watch?v=WcQpkIU2aXM,US Election Result Explained | Tamil | Madan Gowri | MG,2
295,D-nR_hmS6V0,https://www.youtube.com/watch?v=D-nR_hmS6V0,How the U.S. Supreme Court Decided the Presidential Election of 2000 | History,1
296,gfemlFqmKck,https://www.youtube.com/watch?v=gfemlFqmKck,Gravitas: U.S. Elections: All you need to know,2
297,XoQbi24akcg,https://www.youtube.com/watch?v=XoQbi24akcg,Rudy Giuliani and President Trump's legal team continue to undermine the election,2
298,My_N1O6FwEY,https://www.youtube.com/watch?v=My_N1O6FwEY,U.S. Elections: Conventions,1
299,MKg0oaS8Pyw,https://www.youtube.com/watch?v=MKg0oaS8Pyw,Professor who predicted last 13 US elections tells LBC who will win  | LBC,2
300,7X62w7LpUjI,https://www.youtube.com/watch?v=7X62w7LpUjI,Korean Fortune Teller predicts US Elections 2020,2
301,7opdIg3s9bo,https://www.youtube.com/watch?v=7opdIg3s9bo,"U.S. Elections, Capitol Riot Expose Divisions in the Republican Party",2
302,iPGtX2x9txg,https://www.youtube.com/watch?v=iPGtX2x9txg,The US Elections Explained: The Two Party System,1
303,fIYvfpBj8Wg,https://www.youtube.com/watch?v=fIYvfpBj8Wg,"Trump's Health, Coronavirus and US Elections | Astrological Predictions by Acharya Salil",2
304,dhnL3mvRGwo,https://www.youtube.com/watch?v=dhnL3mvRGwo,'China dreaming of Joe Biden': Donald Trump slams rival | US elections 2020,2
305,ztXPEND8gsg,https://www.youtube.com/watch?v=ztXPEND8gsg,My Warning for Traders About the Upcoming US Elections,1
306,3GVp0-SgsvM,https://www.youtube.com/watch?v=3GVp0-SgsvM,US election: No winner declared ‚Äî what happens now?,2
307,LURNnqQw7_c,https://www.youtube.com/watch?v=LURNnqQw7_c,Trump launches verbal attacks at Kamala Harris at campaign rally | US Elections 2020,2
308,zh7N_QKyZvI,https://www.youtube.com/watch?v=zh7N_QKyZvI,America Decides 2020: US Election coverage on The Latest | 7NEWS,2
309,b4XE46TY8Nk,https://www.youtube.com/watch?v=b4XE46TY8Nk,"US Elections 2020: ‡§ï‡•ç‡§Ø‡•ã‡§Ç ‡§´‡§Ç‡§∏ ‡§ó‡§è ‡§Ö‡§Æ‡•á‡§∞‡§ø‡§ï‡•Ä ‡§ö‡•Å‡§®‡§æ‡§µ ‡§®‡§§‡•Ä‡§ú‡•á, ‡§∏‡§Æ‡§ù‡§ø‡§è ‡§∏‡§Ç‡§ú‡§Ø ‡§™‡•Å‡§ó‡§≤‡§ø‡§Ø‡§æ ‡§∏‡•á ‡•§ Quint Hindi",0
310,ax86f1GKUxg,https://www.youtube.com/watch?v=ax86f1GKUxg,US Election Results 2020: ‡§Ö‡§Æ‡§∞‡•Ä‡§ï‡§æ ‡§ï‡•á ‡§∞‡§æ‡§∑‡•ç‡§ü‡•ç‡§∞‡§™‡§§‡§ø ‡§ö‡•Å‡§®‡§æ‡§µ ‡§Æ‡•á‡§Ç Donald Trump ‡§á‡§§‡§®‡•Ä ‡§ï‡§°‡§º‡•Ä ‡§ü‡§ï‡•ç‡§ï‡§∞ ‡§ï‡•à‡§∏‡•á ‡§¶‡•á ‡§™‡§æ‡§è‡§Ç?,0
311,llPheDZmztY,https://www.youtube.com/watch?v=llPheDZmztY,US Elections 2020: ‡§Ö‡§Æ‡•á‡§∞‡§ø‡§ï‡§æ ‡§ï‡•á ‡§ö‡•Å‡§®‡§æ‡§µ ‡§Æ‡•á‡§Ç ‡§ö‡•Ä‡§®-‡§ö‡•Ä‡§® ‡§ï‡•ç‡§Ø‡•ã‡§Ç ‡§π‡•ã ‡§∞‡§π‡§æ ‡§π‡•à?,0
312,S5LrQv496Iw,https://www.youtube.com/watch?v=S5LrQv496Iw,How America could lose its allies | 2020 Election,2
313,ql07Qwf5se8,https://www.youtube.com/watch?v=ql07Qwf5se8,"Impact of the US Elections on World | Editorial Analysis - Nov 04, 2020",0
314,FWfT1TwVqC8,https://www.youtube.com/watch?v=FWfT1TwVqC8,Swamy On Trump and US Elections | Swamy Says on NewsX | NewsX,0
315,YU4YoweJhMM,https://www.youtube.com/watch?v=YU4YoweJhMM,US Elections Result 2020: Joe Biden ‡§î‡§∞ Donald Trump ‡§ï‡•Ä ‡§≤‡§°‡§º‡§æ‡§à ‡§ï‡§π‡§æ‡§Ç ‡§§‡§ï ‡§™‡§π‡•Å‡§Ç‡§ö‡•Ä? (BBC Hindi),2
316,hPhhpLDf8ZQ,https://www.youtube.com/watch?v=hPhhpLDf8ZQ,US elections 2020: US-EU relations hang in the balance,2
317,yOGeOZpGm-c,https://www.youtube.com/watch?v=yOGeOZpGm-c,US Elections | The Road To The White House,1
318,GM0ZaLEHGxY,https://www.youtube.com/watch?v=GM0ZaLEHGxY,"Big Bulletin | Joe Biden Leads Polls In US Elections 2020 | HR Ranganath | Nov 3, 2020",0
319,Msk0yGs7TzM,https://www.youtube.com/watch?v=Msk0yGs7TzM,US Elections: Courts Dismiss Trump Lawsuits in Michigan and Georgia | NTV,0
320,qce_Hb7BiqE,https://www.youtube.com/watch?v=qce_Hb7BiqE,Peru to hold presidential elections in April amid COVID pandemic,1
321,l9nVGgoOT6s,https://www.youtube.com/watch?v=l9nVGgoOT6s,Vladimir Putin Quizzed By Megyn Kelly Over Russian Involvement In U.S. Elections | NBC News,2
322,CZjXwb6tW_w,https://www.youtube.com/watch?v=CZjXwb6tW_w,US Elections and Markets: What should you know?,1
323,P0RSgGdkS1U,https://www.youtube.com/watch?v=P0RSgGdkS1U,‡¥Ü‡¥∞‡¥æ‡¥£‡µç ‡¥ú‡µã ‡¥¨‡µà‡¥°‡µª? | Trump vs. Biden | US Elections 2020,0
324,bgCQde8E6_8,https://www.youtube.com/watch?v=bgCQde8E6_8,Trump Returns with a Bang: US Elections 2020 | Vibhuti Jha,2
325,3Pi3mx_IDVg,https://www.youtube.com/watch?v=3Pi3mx_IDVg,MCA Tricky US Elections (Part 2),1
326,ZZLe59_1p9o,https://www.youtube.com/watch?v=ZZLe59_1p9o,Stock Market Forecast 1 Day to US Elections. Rally or Crash?,1
327,EtIeEb8kQMc,https://www.youtube.com/watch?v=EtIeEb8kQMc,How Russian State Media Is Covering the U.S. Election | WSJ,2
328,mhEEI7GIxl8,https://www.youtube.com/watch?v=mhEEI7GIxl8,US elections: Biden promises to reverse many of Trump's changes,2
329,lw2hfmHAB_E,https://www.youtube.com/watch?v=lw2hfmHAB_E,"US elections, Thai protests, duck transport: World in Photos, Oct. 21",1
330,sj_QoiBfP78,https://www.youtube.com/watch?v=sj_QoiBfP78,US Elections: Joe Biden delivers speech,2
331,cjDSzSiarFI,https://www.youtube.com/watch?v=cjDSzSiarFI,The US Elections Explained: Populism,1
332,j4kKq-E6crU,https://www.youtube.com/watch?v=j4kKq-E6crU,US Elections Madness - Trump Trumped? | Vibhuti Jha and Sanjay Dixit,0
333,fbf-RNxxWt0,https://www.youtube.com/watch?v=fbf-RNxxWt0,US Election Results 2020 : India ‡§ï‡•ã Donald Trump ‡§î‡§∞ Joe Biden ‡§Æ‡•á‡§Ç ‡§∏‡•á ‡§ï‡§ø‡§∏‡§ï‡•Ä ‡§ú‡•Ä‡§§ ‡§∏‡•á ‡§´‡§º‡§æ‡§Ø‡§¶‡§æ?(BBC Hindi),0
334,Y8zJN1loz5Q,https://www.youtube.com/watch?v=Y8zJN1loz5Q,"Impact of the US elections on World l Editorial Hindi 04 NOV, 2020",1
335,eW1RSPI4XuI,https://www.youtube.com/watch?v=eW1RSPI4XuI,US elections and the media: How did we get here? - The Listening Post (Full),1
336,93wi05YC070,https://www.youtube.com/watch?v=93wi05YC070,US Elections 2020: Kamala Harris expresses gratitude to Indian mother in her victory speech,2
337,qS--tzZRaZw,https://www.youtube.com/watch?v=qS--tzZRaZw,The US Elections Explained: Race,1
338,3FYHgfwJnBY,https://www.youtube.com/watch?v=3FYHgfwJnBY,The US Elections Explained: Lobbying,1
339,Cf9uumJz8Gs,https://www.youtube.com/watch?v=Cf9uumJz8Gs,John Wing - The US Elections vs. The Canadian Election,1
340,95IdqvJWRsQ,https://www.youtube.com/watch?v=95IdqvJWRsQ,"US Elections: Social Media react to ""crazy night"" and Donald Trump's results",2
341,lWaZzww6Tlc,https://www.youtube.com/watch?v=lWaZzww6Tlc,How the new generation of Latinx voters could change US elections | Mar√≠a Teresa Kumar,1
342,07uADs1ftGg,https://www.youtube.com/watch?v=07uADs1ftGg,Trump launches verbal attacks at Harris at campaign rally | US Elections 2020 | WION,2
343,uQp3uAcBkP8,https://www.youtube.com/watch?v=uQp3uAcBkP8,"US Elections | Kamala Harris: ""‡§á‡§∏ ‡§ë‡§´‡§ø‡§∏ ‡§Æ‡•á‡§Ç ‡§™‡§π‡•Å‡§Ç‡§ö‡§®‡•á ‡§µ‡§æ‡§≤‡•Ä ‡§™‡§π‡§≤‡•Ä ‡§Æ‡§π‡§ø‡§≤‡§æ ‡§π‡•ã ‡§∏‡§ï‡§§‡•Ä ‡§π‡•Ç‡§Ç ‡§≤‡•á‡§ï‡§ø‡§® ‡§Ü‡§ñ‡§ø‡§∞‡•Ä ‡§®‡§π‡•Ä‡§Ç""",0
344,UQEV75IVveM,https://www.youtube.com/watch?v=UQEV75IVveM,US Supreme Court rejects Texas bid to overturn election | DW News,2
345,tOh1EpHvs_s,https://www.youtube.com/watch?v=tOh1EpHvs_s,The Last Leg Discuss The Possible Outcomes Of The US Elections | The Last Leg,2
346,s9BCsdh7IPY,https://www.youtube.com/watch?v=s9BCsdh7IPY,Wild Russian 'hackers' pick the winner of 2020 US elections?!,1
347,s9BCsdh7IPY,https://www.youtube.com/watch?v=s9BCsdh7IPY,Wild Russian 'hackers' pick the winner of 2020 US elections?!,1
348,pGHnxu6oED4,https://www.youtube.com/watch?v=pGHnxu6oED4,"Final Polls and Forecasts of the Election ‚Äî November 3, 2020 | LIVE | NowThis",2
349,zA4F-JRZ5j4,https://www.youtube.com/watch?v=zA4F-JRZ5j4,Finnish News Team Reports On U.S. Elections,1
350,c4WVU9aWnJc,https://www.youtube.com/watch?v=c4WVU9aWnJc,US Elections 2020 : Donald Trump vs Joe Biden | Headlines 12 PM | 4 November 2020 | Dunya | HA1K,2
351,k4iGPruY8W0,https://www.youtube.com/watch?v=k4iGPruY8W0,Joe Biden Extends Lead in US Elections | TVJ News,2
352,SwsSvPNkFgg,https://www.youtube.com/watch?v=SwsSvPNkFgg,US Elections: Georgia's Secretary of State Brad Raffensperger holds a news conference | Watch live,2
353,R-xLZ06LgrA,https://www.youtube.com/watch?v=R-xLZ06LgrA,US Elections 2020 |  South Africans share their views,1
354,TO-_kVIkY6A,https://www.youtube.com/watch?v=TO-_kVIkY6A,How (and why) Russia hacked the US election | Laura Galante,1
355,uQR8u0W9cVg,https://www.youtube.com/watch?v=uQR8u0W9cVg,US President Biden talks about Putin's 'interference' in US elections | Vladimir Putin | WION News,2
356,efov6rqyvWo,https://www.youtube.com/watch?v=efov6rqyvWo,The US Elections Explained: The Transition of Power,1
357,6GXvn57TdsY,https://www.youtube.com/watch?v=6GXvn57TdsY,"US Elections: Joe Biden, Kamala Harris deliver victory speeches",1
358,tCn4cbon6jY,https://www.youtube.com/watch?v=tCn4cbon6jY,Joe Biden and Kamala Harris Have Won the Presidential Election | NowThis,2
359,wL_5MIkgGZw,https://www.youtube.com/watch?v=wL_5MIkgGZw,LIVE: ‡∞∞‡∞Ç‡∞ó‡∞Ç‡∞≤‡±ã‡∞ï‡∞ø ‡∞™‡∞æ‡∞≤‡±ç || KA Paul Exclusive LIVE On US Elections 2020 Results || The Debate || ABN LIVE,0
360,ZLRIbGf6vSQ,https://www.youtube.com/watch?v=ZLRIbGf6vSQ,Capitol Hill goes into lockdown as pro-Trump demonstrators protest US election results,2
361,6_aT_5kETEs,https://www.youtube.com/watch?v=6_aT_5kETEs,US Elections 2020 Presidential Debate: Why Did Donald Trump Call India ‚ÄòFilthy‚Äô,2
362,xFFou_EnL7I,https://www.youtube.com/watch?v=xFFou_EnL7I,Is big money eroding trust in US elections? | The Bottom Line,2
363,rxXkxS1onCg,https://www.youtube.com/watch?v=rxXkxS1onCg,Gravitas: US Elections | Clinton-Obama to replace Joe Biden,1
364,A2Qcf0DKyoM,https://www.youtube.com/watch?v=A2Qcf0DKyoM,How to Trade Forex During the 2020 US Elections: My Strategy!,1
365,W1ilCy6XrmI,https://www.youtube.com/watch?v=W1ilCy6XrmI,WATCH LIVE: ABC News Channel for the latest highlights and events,1
366,r3oEM55zmX8,https://www.youtube.com/watch?v=r3oEM55zmX8,'I'm running angry': Donald Trump on Joe Biden laptop scandal | US elections,2
367,uXGYm1eJPWo,https://www.youtube.com/watch?v=uXGYm1eJPWo,Presidential historian: Trump needs to be held accountable for riots | U.S. Election,2
368,GF_5kRUL2Q4,https://www.youtube.com/watch?v=GF_5kRUL2Q4,Members of Electoral College Cast Ballots in Presidential Election | LIVE | NowThis,1
369,9qkucY_oJk8,https://www.youtube.com/watch?v=9qkucY_oJk8,Stephen Colbert Remains Calm As America Braces For An Election Day Like No Other,2
370,tlDQm6dpawc,https://www.youtube.com/watch?v=tlDQm6dpawc,US elections: Jewish voters courted as AIPAC conference launched,1
371,j61KKd5iSnQ,https://www.youtube.com/watch?v=j61KKd5iSnQ,U.S. Supreme Court rejects Texas-led bid to overturn presidential election,1
372,1bNa9NnzJlo,https://www.youtube.com/watch?v=1bNa9NnzJlo,Trump Order To Withhold Intelligence Softens U.S. Elections For Attack: Whistleblower | MSNBC,2
373,3ulZqmdwYT4,https://www.youtube.com/watch?v=3ulZqmdwYT4,"US Elections Gamed Again? US Mulls Sanctions On Russia & Iran, Moscow Denies Everything | CRUX",2
374,6QFARvNU4-I,https://www.youtube.com/watch?v=6QFARvNU4-I,Twitter and Facebook CEOs challenged over handling US elections,1
375,gjSopB78A1A,https://www.youtube.com/watch?v=gjSopB78A1A,‡§≠‡§æ‡§∞‡§§ ‡§ï‡•á ‡§∏‡§æ‡§• ‡§ï‡•å‡§®- ‡§ü‡•ç‡§∞‡§Ç‡§™ ‡§Ø‡§æ ‡§¨‡§æ‡§á‡§°‡•á‡§® ? US Elections 2020 |,0
376,fl3dtLJVrNg,https://www.youtube.com/watch?v=fl3dtLJVrNg,"US election: Mark Zuckerberg, Jack Dorsey testify before Congress over censorship accusations | FULL",1
377,2w9GGySOgKY,https://www.youtube.com/watch?v=2w9GGySOgKY,US: Russia and Iran tried to interfere in US Elections 2020| Latest World News | English News | WION,2
378,AD3qqBfU0no,https://www.youtube.com/watch?v=AD3qqBfU0no,Cybersecurity Threats to U.S. Elections,1
379,9Auq9mYxFEE,https://www.youtube.com/watch?v=9Auq9mYxFEE,Watch Sky News live,1
380,6h3iHvmrUqM,https://www.youtube.com/watch?v=6h3iHvmrUqM,Life after Trump: what‚Äôs the future of the Republican Party? | The Economist,2
381,en-JzkMI-Lg,https://www.youtube.com/watch?v=en-JzkMI-Lg,US Elections: Top 5 issues on voters' minds,0
382,ZIktJsKhfME,https://www.youtube.com/watch?v=ZIktJsKhfME,LIVE:‡∞™‡∞∞‡∞ø‡∞∑‡∞§‡±ç ‡∞™‡±ã‡∞∞‡±Å | AP MPTC ZPTC Election Polling LIVE Updates | Andhra Pradesh | ABN LIVE,0
383,me4IyVysVy0,https://www.youtube.com/watch?v=me4IyVysVy0,Benin set for presidential election amid crackdown,1
384,Gue7qYN6dtg,https://www.youtube.com/watch?v=Gue7qYN6dtg,US Elections ‡§Æ‡§ß‡•ç‡§Ø‡•á Mumbai‡§ö‡•á Marathi Democrat ‡§®‡•á‡§§‡•á Shri Thanedar ‡§ï‡§∏‡•á ‡§ù‡§æ‡§≤‡•á ‡§µ‡§ø‡§ú‡§Ø‡•Ä? Michigan Results,0
385,7NB_z0el6tg,https://www.youtube.com/watch?v=7NB_z0el6tg,Joe Biden urges Americans to stay calm following US elections,2
386,5gY2_nPnjyg,https://www.youtube.com/watch?v=5gY2_nPnjyg,US Elections 2012: Obama's home crowd celebrate his re-election as US president,1
387,Vbotguk5PCE,https://www.youtube.com/watch?v=Vbotguk5PCE,US Elections |H-1B Visas to Green Cards: What Joe Biden‚Äôs Policy Document Has for Indians in US,2
388,zzR8eCJMXaw,https://www.youtube.com/watch?v=zzR8eCJMXaw,US Elections: What Does Biden's win Mean for America and the World?,2
389,gWCqx5OFT14,https://www.youtube.com/watch?v=gWCqx5OFT14,LLCE : Final Task about US Elections,1
390,3mN4yFPv0Cg,https://www.youtube.com/watch?v=3mN4yFPv0Cg,US Elections: Why Kamala Harris Is Not Good For India's Long-Term Interests,2
391,-eYQwNcnYFY,https://www.youtube.com/watch?v=-eYQwNcnYFY,"Iran, Russia attempting to interfere with US elections: Ratcliffe, FBI",2
392,UhG37EMbO1Q,https://www.youtube.com/watch?v=UhG37EMbO1Q,Actors Ajith & Vijay Cast Their Votes | Tamil Nadu Assembly Elections 2021 | V6 News,0
393,LXsiYZERYCk,https://www.youtube.com/watch?v=LXsiYZERYCk,It is clear 'something fishy' took place in US presidential election,2
394,SrO352wMODY,https://www.youtube.com/watch?v=SrO352wMODY,Whose winning in US Elections 2020? | GNN | 07 November 2020,0
395,M2iuVCIMi1s,https://www.youtube.com/watch?v=M2iuVCIMi1s,The US election is ‚Äòfar from over‚Äô,2
396,x6ZL7CozRTI,https://www.youtube.com/watch?v=x6ZL7CozRTI,US Elections 2020,1
397,jZaBQFoluWM,https://www.youtube.com/watch?v=jZaBQFoluWM,"2020 US Elections: Muslims want to win ""Joe Biden""?",2
398,eY6g5YUhQM4,https://www.youtube.com/watch?v=eY6g5YUhQM4,‡∞è‡∞™‡±Ä ‡∞≤‡±ã ‡∞™‡∞∞‡∞ø‡∞∑‡∞§‡±ç‚Äå ‡∞é‡∞®‡±ç‡∞®‡∞ø‡∞ï‡∞≤ ‡∞™‡±ã‡∞≤‡∞ø‡∞Ç‡∞ó‡±ç Digital LIVE || AP MPTC ZPTC Elections 2021 - TV9,0
399,kf5nJjhlo1E,https://www.youtube.com/watch?v=kf5nJjhlo1E,US Elections : Trump ‡§π‡§æ‡§∞ ‡§ï‡•Ä ‡§ì‡§∞ I Joe Biden I America I Donald Trump,0
400,xRAmqrJOtgY,https://www.youtube.com/watch?v=xRAmqrJOtgY,The History of US Presidential Elections 1789 - 2020,1
401,NTSFhG7Df2A,https://www.youtube.com/watch?v=NTSFhG7Df2A,US Elections 2020: Trump creates confusion with double-voting suggestion,2
402,OtoxDK_7_34,https://www.youtube.com/watch?v=OtoxDK_7_34,Why Is Mitch McConnell Blocking Bills To Protect U.S. Elections? | The Last Word | MSNBC,1
403,bfZGZs7zj00,https://www.youtube.com/watch?v=bfZGZs7zj00,LIVE: The Debate On US Elections Decision 2020 | Biden Win In US Elections | Trump Vs Biden |YOYO TV,2
404,TL1KEBZr0Gg,https://www.youtube.com/watch?v=TL1KEBZr0Gg,Kello Live: 2020 US Elections | Filannoo US 2020,1
405,vvRB_4xExlk,https://www.youtube.com/watch?v=vvRB_4xExlk,‡∞â‡∞¶‡±ç‡∞∞‡∞ø‡∞ï‡±ç‡∞§‡∞§‡∞≤ ‡∞Æ‡∞ß‡±ç‡∞Ø ‡∞Æ‡±Å‡∞ó‡∞ø‡∞∏‡∞ø‡∞® ‡∞™‡∞∞‡∞ø‡∞∑‡∞§‡±ç ‡∞™‡±ã‡∞≤‡∞ø‡∞Ç‡∞ó‡±ç‚Äå Digital LIVE || AP MPTC ZPTC Elections 2021 - TV9,0
406,OyjPe1TABko,https://www.youtube.com/watch?v=OyjPe1TABko,FOREX Training Lessons: How to Trade Breakouts & The US Elections,1
407,b5S0EiSqgF4,https://www.youtube.com/watch?v=b5S0EiSqgF4,US Elections 2020 How long before this gets closed down.,2
408,ht6RQnfRLw0,https://www.youtube.com/watch?v=ht6RQnfRLw0,US elections 2020 update,1
409,pFzhkObojTY,https://www.youtube.com/watch?v=pFzhkObojTY,"AP ZPTC, MPTC Elections 2021 Polling Live | Ntv Live",0
410,lBSulEDqvHo,https://www.youtube.com/watch?v=lBSulEDqvHo,Joe Biden vs Donald Trump | FINAL 2020 Presidential Election Night,2
411,7E4SbBiUB_M,https://www.youtube.com/watch?v=7E4SbBiUB_M,"All Arrangements Set For MPTC, ZPTC Elections In AP | NTV",0
412,8xFN7ryvOJ0,https://www.youtube.com/watch?v=8xFN7ryvOJ0,"AP Parishad Elections 2021 :  TDP, YCP ‡∞∂‡±ç‡∞∞‡±á‡∞£‡±Å‡∞≤ ‡∞Æ‡∞ß‡±ç‡∞Ø ‡∞ò‡∞∞‡±ç‡∞∑‡∞£ - TV9",0
413,NIjGjcw6gQA,https://www.youtube.com/watch?v=NIjGjcw6gQA,LIVE:‡∞™‡∞∞‡∞ø‡∞∑‡∞§‡±ç ‡∞é‡∞®‡±ç‡∞®‡∞ø‡∞ï‡∞≤‡∞ï‡±Å ‡∞é‡∞®‡±ç‡∞®‡∞ø‡∞ï‡∞≤‡∞ï‡±Å ‡∞ó‡±ç‡∞∞‡±Ä‡∞®‡±ç ‡∞∏‡∞ø‡∞ó‡±ç‡∞®‡∞≤‡±ç.|| HC Green Signal To ZPTC MPTC Elections || ABN LIVE,0
414,74eocpvUVa8,https://www.youtube.com/watch?v=74eocpvUVa8,"‡∞™‡∞∞‡∞ø‡∞∑‡∞§‡±ç ‡∞é‡∞®‡±ç‡∞®‡∞ø‡∞ï‡∞≤‡∞ï‡±Å ‡∞π‡±à‡∞ï‡±ã‡∞∞‡±ç‡∞ü‡±Å ‡∞¨‡±ç‡∞∞‡±á‡∞ï‡±ç‚Äå Digital LIVE || AP ZPTC, MPTC Parishad Elections - TV9",0
415,eXk6VZkZAT8,https://www.youtube.com/watch?v=eXk6VZkZAT8,Facebook to ban political ads until after US elections,1
416,3Q93_aRr_E4,https://www.youtube.com/watch?v=3Q93_aRr_E4,Senator Sherry Rehman's Analysis on US Elections 2020 | GNN | 03 November 2020,0
417,dBvOArnYuMo,https://www.youtube.com/watch?v=dBvOArnYuMo,"AP ZPTC, MPTC Elections: ‡∞™‡∞∞‡∞ø‡∞∑‡∞§‡±ç ‡∞™‡±ã‡∞≤‡∞ø‡∞Ç‡∞ó‡±ç ‡∞≤‡±ã ‡∞ò‡∞∞‡±ç‡∞∑‡∞£‡∞≤‡±Å - TV9",0
418,rBytQTPURYY,https://www.youtube.com/watch?v=rBytQTPURYY,‡∞ü‡±ç‡∞∞‡∞Ç‡∞™‡±ç‚Äå ‡∞ö‡±á‡∞§‡∞ø‡∞ï‡∞ø ‡∞™‡±Ü‡∞¶‡±ç‡∞¶ ‡∞Æ‡±à‡∞ï‡±ç‚Äå...  ‡∞á‡∞ï ‡∞ú‡∞®‡∞æ‡∞≤‡±Å ‡∞ñ‡∞§‡∞Ç | Trump Big Debate | US Elections 2020 | ABN Telugu,0
419,3Wz8ym60Z_0,https://www.youtube.com/watch?v=3Wz8ym60Z_0,"""Deepfakes and the U S  Elections"" (Sept. 1, 2020)",1
420,H0S6HeGXxy0,https://www.youtube.com/watch?v=H0S6HeGXxy0,„ÄêUS elections„ÄëAn interview with Kath,1
421,lBCc-DKbSsE,https://www.youtube.com/watch?v=lBCc-DKbSsE,U.S. ELECTIONS Economic Programs: Spending Is The problem,1
422,Hf6RaCwg4Gg,https://www.youtube.com/watch?v=Hf6RaCwg4Gg,"US ELECTIONS: Markets Discount NO ""Blue Wave""",1
423,0oD5crqr_TY,https://www.youtube.com/watch?v=0oD5crqr_TY,Face-Off: Special Focus On The US Elections,1
424,Xl821NTDYPI,https://www.youtube.com/watch?v=Xl821NTDYPI,‡≤Ö‡≤Æ‡≥Ü‡≤∞‡≤ø‡≤ï‡≤æ ‡≤Ö‡≤ß‡≥ç‡≤Ø‡≤ï‡≥ç‡≤∑‡≥Ä‡≤Ø ‡≤ö‡≥Å‡≤®‡≤æ‡≤µ‡≤£‡≥Ü..! ‡≤á‡≤Ç‡≤°‡≤ø‡≤Ø‡≤æ ‡≤Ö‡≤Ç‡≤¶‡≥ç‡≤∞‡≥Ü ‡≤¨‡≤∞‡≥ç‡≤®‡≥ç‚Äã ‡≤Ü‡≤ó‡≥ã‡≤¶‡≥ç‡≤Ø‡≤æ‡≤ï‡≥Ü ‡≤à ‡≤°‡≥Ü‡≤Æ‡≤æ‡≤ï‡≥ç‡≤∞‡≤ü‡≤ø‡≤ï‡≥ç‚Äã  ‚Äò‡≤¨‡≤∞‡≥ç‡≤®‡≤ø‚Äô..? US Elections,0
425,kqBM1ZXHd94,https://www.youtube.com/watch?v=kqBM1ZXHd94,Adesh Dasani on the US elections,1
426,pf07baF42pw,https://www.youtube.com/watch?v=pf07baF42pw,"High Court stay on ZPTC, MPTC Elections in AP - TV9",0
427,9XQVnY-qMVk,https://www.youtube.com/watch?v=9XQVnY-qMVk,"AP ZPTC, MPTC Elections: ‡∞∞‡±á‡∞™‡±á ‡∞™‡∞∞‡∞ø‡∞∑‡∞§‡±ç ‡∞é‡∞®‡±ç‡∞®‡∞ø‡∞ï‡∞≤ ‡∞™‡±ã‡∞≤‡∞ø‡∞Ç‡∞ó‡±ç, ‡∞è‡∞∞‡±ç‡∞™‡∞æ‡∞ü‡±ç‡∞≤‡±Å ‡∞µ‡±á‡∞ó‡∞µ‡∞Ç‡∞§‡∞Ç ‡∞ö‡±á‡∞∏‡∞ø‡∞® ‡∞Ö‡∞ß‡∞ø‡∞ï‡∞æ‡∞∞‡±Å‡∞≤‡±Å - TV9",0
428,sFsm8vFFKH8,https://www.youtube.com/watch?v=sFsm8vFFKH8,U.S. ELECTIONS: HOW ARE AMERICANS TAKING THE ELECTION CRISIS? - DR NOSA OBANOR,1
429,6U6YA6NSQNo,https://www.youtube.com/watch?v=6U6YA6NSQNo,"""NO ALGORITHM SWITCHING VOTES"": Georgia RECERTIFYING presidential election results",1
430,ipMKOzZlGtM,https://www.youtube.com/watch?v=ipMKOzZlGtM,Debate on AP High Court Judgement on MPTC ZPTC Elections | AP CM Jagan | AP SEC Neelam Sahni | ABN,0
431,89BrmcOu_4Y,https://www.youtube.com/watch?v=89BrmcOu_4Y,"ALEXA TALKS | US Elections, Next-Gen Consoles & More | November 2020",1
432,znxnEF6Q-cI,https://www.youtube.com/watch?v=znxnEF6Q-cI,US Elections 2020 : Donald Trump Addresses Gathering in Washington |AFTER NOON PRIME NEWS |4-11-2020,0
433,tnlW4gRkLsI,https://www.youtube.com/watch?v=tnlW4gRkLsI,LIVE:‡∞ö‡∞Ç‡∞¶‡±ç‡∞∞‡∞¨‡∞æ‡∞¨‡±Å ‡∞∂‡±ç‡∞∞‡±Ä‡∞ï‡∞æ‡∞≥‡∞π‡∞∏‡±ç‡∞§‡∞ø ‡∞∞‡±ã‡∞°‡±ç ‡∞∑‡±ã LIVE || Chandrababu Tirupati By Election Campaign || ABN LIVE,0
434,QGjR3bNuErE,https://www.youtube.com/watch?v=QGjR3bNuErE,U.S. Elections: Quantum Securities' Sanjay Dutt's Advise For Investors,0
435,KYlHICfl_6s,https://www.youtube.com/watch?v=KYlHICfl_6s,U.S. Presidential Elections 1789-2012,1
436,I5e3N1YlTGs,https://www.youtube.com/watch?v=I5e3N1YlTGs,US Elections: Ghanaians business community in US weigh in on implications on remittances (5-11-20),1
437,dxLy3zEvGwA,https://www.youtube.com/watch?v=dxLy3zEvGwA,Gufatgu üî¥ US Elections (Uncertainty & Polarization) | Trump takes on Biden - Harpreet Singh Sandhu,2
438,dyVrHIODyQA,https://www.youtube.com/watch?v=dyVrHIODyQA,Trump kay UTurn Aur Jeo Biden ke Bewaqoofian | US Elections 2020,2
439,SzIQaoR-aPk,https://www.youtube.com/watch?v=SzIQaoR-aPk,LIVE:‡∞ú‡∞ó‡∞®‡±ç ‡∞≤‡±ã ‡∞≠‡∞Ø‡∞Ç ‡∞Æ‡±ä‡∞¶‡∞≤‡±à‡∞Ç‡∞¶‡∞æ..? ‡∞Ö‡∞Ç‡∞¶‡±Å‡∞ï‡±á ‡∞§‡∞ø‡∞∞‡±Å‡∞™‡∞§‡∞ø‡∞ï‡∞ø..? || Tirupati By Election 2021 || ABN LIVE,0
440,VGzELwh6r1o,https://www.youtube.com/watch?v=VGzELwh6r1o,"WORLDSIGN | Russia interfering in US elections, updates on coronavirus, bullied boy, knife massage!",1
441,QiQJXDqhKZA,https://www.youtube.com/watch?v=QiQJXDqhKZA,US Elections Impact on the Stock Market | US Elections Impact on Indian Share | US Elections 2020,0
442,GxDhFER9NSI,https://www.youtube.com/watch?v=GxDhFER9NSI,2012 US Elections  - Animation,1
443,T5vK7cRvMyM,https://www.youtube.com/watch?v=T5vK7cRvMyM,How the U.S. elections could impact markets,1
444,dTYKKxrmtrw,https://www.youtube.com/watch?v=dTYKKxrmtrw,"COVID-19, PFIZER Vaccine And US Elections - HOPE OR HYPE?",1
445,fg-ZFAm_F0k,https://www.youtube.com/watch?v=fg-ZFAm_F0k,Chandrababu Comedy Satires on Tirupati YCP MLA and YCP by Election Candidate || AP CM YS Jagan ||ABN,0
446,FwbNSQ9JtSU,https://www.youtube.com/watch?v=FwbNSQ9JtSU,Official Result of U.S Elections | News Headlines | 12 PM | 15 Dec 2020 | Neo News,0
447,YfZgNKuLcXw,https://www.youtube.com/watch?v=YfZgNKuLcXw,"Michella Obama attacks Donald Trump on Covid, racism : US elections - TV9",1
448,rCAomfFXdrY,https://www.youtube.com/watch?v=rCAomfFXdrY,TDP Leaders LIVE || AP High Court Stay On AP Parishad Elections - TV9,0
449,LAH0poD_nt0,https://www.youtube.com/watch?v=LAH0poD_nt0,Chandrababu Naidu Says ‡∞®‡∞æ ‡∞∞‡∞ø‡∞ï‡∞æ‡∞∞‡±ç‡∞°‡±Å ‡∞é‡∞µ‡∞°‡±Å ‡∞¨‡∞¶‡±ç‡∞¶‡∞≤‡±Å ‡∞ï‡±ä‡∞ü‡±ç‡∞ü‡∞≤‡±á‡∞°‡±Å || Tirupati By Election Campaign || ABN,0
450,UjU9M1k2xb0,https://www.youtube.com/watch?v=UjU9M1k2xb0,3 Nigerians who shone brightly at the US elections | Legit TV,1
451,PT9B9F_KVao,https://www.youtube.com/watch?v=PT9B9F_KVao,5 ways GERMAN ELECTIONS are DIFFERENT from US ELECTIONS | #thoseGermans,1
452,fFaIBoeVgZo,https://www.youtube.com/watch?v=fFaIBoeVgZo,Donald Trump Wants The US Elections To Be Postponed | ABP Asmita,1
453,5XG3D_QH6-c,https://www.youtube.com/watch?v=5XG3D_QH6-c,Who Will be Vice President Candidate from Democratic Party in US Elections?,1
454,NDqKvibsCd0,https://www.youtube.com/watch?v=NDqKvibsCd0,LIVE - Assembly Elections Update : West Bengal | Tamil Nadu | Puducherry | Kerala | Assam News,0
455,Zd_dyCf2OHc,https://www.youtube.com/watch?v=Zd_dyCf2OHc,Who Will be Democratic Party's Vice President Candidate for US Elections 2020,1
456,LyW8TxYECHQ,https://www.youtube.com/watch?v=LyW8TxYECHQ,Forex Webinar: Gaps Galore as All Eyes Fall on U.S. Elections,1
457,i-mlwaFRkXc,https://www.youtube.com/watch?v=i-mlwaFRkXc,Republicans vs Democrats: US elections and their impact on Ukraine,1
458,QuVnXunp9zo,https://www.youtube.com/watch?v=QuVnXunp9zo,AP High Court Shocking Comments On Parishad Elections 2021 l Ntv,0
459,4RxC2NnNwVI,https://www.youtube.com/watch?v=4RxC2NnNwVI,"Things to do in Maastricht, PAS Festival, Connect Festival, US Elections // S06E01",1
460,MVrjiNJ3gqk,https://www.youtube.com/watch?v=MVrjiNJ3gqk,ASTROLOGY ‡§∏‡•á ‡§π‡•Å‡§Ü ‡§î‡§∞ ‡§Ü‡§ó‡•á ‡§≠‡•Ä ‡§π‡•ã‡§ó‡§æ BUMPER PROFIT | US ELECTIONS IMPACT | ASTRO NIFTY MAHAGURU |,0
461,T6xOSuSIxAs,https://www.youtube.com/watch?v=T6xOSuSIxAs,Presidential Election 2020 LIVE | Full Coverage,2
462,oY6AwzCvIoc,https://www.youtube.com/watch?v=oY6AwzCvIoc,How Politics Impacts the Stock Market | US Elections & More,1
463,hRQT_HSuFSA,https://www.youtube.com/watch?v=hRQT_HSuFSA,"US ELECTIONS with Kaia Parv, Senior Market Analyst at FXPRIMUS",1
464,Qu5I0Q8PQ7U,https://www.youtube.com/watch?v=Qu5I0Q8PQ7U,AP Parishad Elections 2021 : ‡∞™‡∞∞‡∞ø‡∞∑‡∞§‡±ç‚Äå ‡∞™‡±ã‡∞≤‡∞ø‡∞Ç‡∞ó‡±ç ‡∞≤‡±ã ‡∞π‡∞ø‡∞Ç‡∞∏‡∞æ‡∞§‡±ç‡∞Æ‡∞ï ‡∞ò‡∞ü‡∞®‡∞≤‡±Å - TV9,0
465,KbQgTyvV1WM,https://www.youtube.com/watch?v=KbQgTyvV1WM,"US Elections 2016: Donald Trump wins key battlegrounds, inches closer to White House",1
466,SAgpOizY1BI,https://www.youtube.com/watch?v=SAgpOizY1BI,If Russians could vote in the US elections,1
467,7xpy1BN7imQ,https://www.youtube.com/watch?v=7xpy1BN7imQ,NEW US PRESIDENT | US ELECTIONS | JOE BIDEN | KNOW EVERYTHING | ENTRI APP BANKING,2
468,9KlhEd0xg44,https://www.youtube.com/watch?v=9KlhEd0xg44,If Donald Trump wins the US Elections ..,1
469,zO14950FzYU,https://www.youtube.com/watch?v=zO14950FzYU,US Elections: Trump leads 32-25 in New Hampshire after midnight vote,1
470,5Ke80jaYYF8,https://www.youtube.com/watch?v=5Ke80jaYYF8,Shamanic Community Split By US Elections In Peru,1
471,wtGDbCZ9jMk,https://www.youtube.com/watch?v=wtGDbCZ9jMk,Laxmi Manchu Most Funny Tweet on Trump Win | US Elections | NewsQube,0
472,EXminByXWq4,https://www.youtube.com/watch?v=EXminByXWq4,Senator Lankford Stands with Americans Right to Verify US Election Results,1
473,iill6uu5XLQ,https://www.youtube.com/watch?v=iill6uu5XLQ,Obama's and Romney's Facebook Strategy - Social Media and Politics Us Elections 2012,1
474,Ss-dRs6Xp1A,https://www.youtube.com/watch?v=Ss-dRs6Xp1A,"US Elections : Trump ‡§π‡§æ‡§∞ ‡§ó‡§è , ‡§Ö‡§¨‡§ï‡•Ä ‡§¨‡§æ‡§∞ Biden Harris ‡§∏‡§∞‡§ï‡§æ‡§∞",0
475,Jva1SiMnqUY,https://www.youtube.com/watch?v=Jva1SiMnqUY,Law and Order in US Elections | Toti Speaks,1
476,CWjmCV9B0oc,https://www.youtube.com/watch?v=CWjmCV9B0oc,Post US Elections market reactions and forecasts for major markets,1
477,zk1mJ-IvNVE,https://www.youtube.com/watch?v=zk1mJ-IvNVE,"US Elections ‡§Æ‡•á‡§Ç ‡§Æ‡§ø‡§≤‡•Ä ‡§π‡§æ‡§∞ ‡§∏‡•á ‡§¨‡•å‡§ñ‡§≤‡§æ ‡§ó‡§è ‡§π‡•à‡§Ç TRUMP, ‡§Ö‡§¨ ‡§Ø‡•á ‡§¨‡§°‡§º‡§æ ‡§¶‡§æ‡§µ‡§æ ‡§ï‡§∞ ‡§¨‡•à‡§†‡•á ‡§π‡•à‡§Ç !",0
478,h3AC3YDkvEY,https://www.youtube.com/watch?v=h3AC3YDkvEY,U.S. Elections and International Election Consultants,1
479,XjftSXW4Vic,https://www.youtube.com/watch?v=XjftSXW4Vic,MPTC & ZPTC Elections | Voting Turnout 47.42% till 3 PM | Live Update,0
480,OLO7wmHZVYc,https://www.youtube.com/watch?v=OLO7wmHZVYc,US elections a ‚Äòcharade‚Äô ‚Äì Ron Paul to FishTank,1
481,xhj9A2JqGus,https://www.youtube.com/watch?v=xhj9A2JqGus,Banknifty live trade on US elections 2020/market profile/order flow analysis/,1
482,77n-YDYzU4U,https://www.youtube.com/watch?v=77n-YDYzU4U,Africa diaspora: First time voters in US elections,1
483,IolKpjqWj90,https://www.youtube.com/watch?v=IolKpjqWj90,AP Parishad Elections 2021 : ‡∞™‡±ã‡∞≤‡∞ø‡∞Ç‡∞ó‡±ç ‡∞™‡∞∞‡±á‡∞∑‡∞æ‡∞®‡±ç  - TV9,0
484,FtlSlGhYNG0,https://www.youtube.com/watch?v=FtlSlGhYNG0,Steinhoefel on the US-Elections,1
485,SzXj6jYjdJk,https://www.youtube.com/watch?v=SzXj6jYjdJk,S Veeraiah Analysis on Do Not Use EVMs In The US Elections T10,0
486,TeBUoK5_Kbc,https://www.youtube.com/watch?v=TeBUoK5_Kbc,Division Bench Green Signal to MPTC and ZPTC Elections,0
487,q4DcVOegVr8,https://www.youtube.com/watch?v=q4DcVOegVr8,"Voting for MPTC, ZPTC Elections Begins | at Guntur District",0
488,lpFSLfF___w,https://www.youtube.com/watch?v=lpFSLfF___w,"Trump trolls press, ‚Äòorders‚Äô Putin not to meddle in US elections",1
489,RPfsr_UMDvo,https://www.youtube.com/watch?v=RPfsr_UMDvo,How to fake US Elections,1
490,Q446rbGfH6c,https://www.youtube.com/watch?v=Q446rbGfH6c,‡∞µ‡±à‡∞∏‡±ç‡∞∏‡∞æ‡∞∞‡±ç‡∞∏‡±Ä‡∞™‡±Ä‡∞ï‡∞ø ‡∞Æ‡∞∞‡±ã ‡∞ï‡±ç‡∞≤‡±Ä‡∞®‡±ç ‡∞∏‡±ç‡∞µ‡±Ä‡∞™‡±ç | YSRCP Hawa In MPTC ZPTC Elections  Political Corridor | Sakshi TV,0
491,c3Y9dDukONs,https://www.youtube.com/watch?v=c3Y9dDukONs,Nomination of Kamala Harris for Democratic Vice President in US elections caused unease for BJP,0
492,4ZYtRD8EM2w,https://www.youtube.com/watch?v=4ZYtRD8EM2w,What if the US Elections Get Delayed?,2
493,Uhk7sFYsyIc,https://www.youtube.com/watch?v=Uhk7sFYsyIc,Rwandan Journalist- Claude KABENGERA's insight on US elections-Day 2- Donald Trump elected,1
494,w7AUri_K5AI,https://www.youtube.com/watch?v=w7AUri_K5AI,Keiser Report: US Elections Toxic Soap Opera (E966),1
495,2_yFQCpIfx4,https://www.youtube.com/watch?v=2_yFQCpIfx4,"US elections 2016: with fewer seats to defend, Democrats could regain Senate control - TomoNews",1
496,5PzIw5dpW34,https://www.youtube.com/watch?v=5PzIw5dpW34,US Elections se India ka economy kaise badega?,0
497,7GH9k9F7hWk,https://www.youtube.com/watch?v=7GH9k9F7hWk,High Court To Enquire On SEC Neelam Sahni Petition Over Parishat Elections | TV5 News,0
498,-UI3QBcvYik,https://www.youtube.com/watch?v=-UI3QBcvYik,"Assembly Election: In Tamil Nadu, EPS's Biggest Election Against DMK-Congress, Kamal Haasan",0
499,XlFgyosvXoo,https://www.youtube.com/watch?v=XlFgyosvXoo,US Elections & Pakistan! Good News For Pakistan!,0
500,9pqWLlgEtAQ,https://www.youtube.com/watch?v=9pqWLlgEtAQ,LIVE : ‡∞™‡∞∞‡∞ø‡∞∑‡∞§‡±ç ‡∞™‡±ã‡∞∞‡±Å High Court on MPTC ZPTC Elections | TV5 News,0
501,vWkvTgWlZw0,https://www.youtube.com/watch?v=vWkvTgWlZw0,"TV5 Murthy Top Story Debate intro | AP MPTC, ZPTC Elections 2021 | TV5 News",0
502,VR-MSzcOLo0,https://www.youtube.com/watch?v=VR-MSzcOLo0,PM Modi LIVE West Bengal ‡§ï‡•á Cooch Behar ‡§∏‡•á | Bengal Election 2021 | Polls Update | Hindi News,0
503,0izRgIIa3xY,https://www.youtube.com/watch?v=0izRgIIa3xY,–ß–µ–º—É –∞–º–µ—Ä–∏–∫–∞–Ω—Å–∫–∏–µ –≤—ã–±–æ—Ä—ã –º–æ–≥—É—Ç –Ω–∞—É—á–∏—Ç—å –£–∫—Ä–∞–∏–Ω—É? ‚Äî ICTV,1
504,eNT3rFVGe6I,https://www.youtube.com/watch?v=eNT3rFVGe6I,LIVE : ‡∞™‡∞∞‡∞ø‡∞∑‡∞§‡±ç ‡∞™‡±ã‡∞∞‡±Å | AP MPTC and ZPTC Elections Polling LIVE | hmtv,0
505,T4xyWEytXtY,https://www.youtube.com/watch?v=T4xyWEytXtY,3mj: US ELECTIONS RIGGED?,1
506,orEu9DlznFM,https://www.youtube.com/watch?v=orEu9DlznFM,2020 Presidential Map Based on Election Results So Far,2
507,PvpMx_X2MR4,https://www.youtube.com/watch?v=PvpMx_X2MR4,US Elections spotlight with BBC,1
508,ry3NHkINjTg,https://www.youtube.com/watch?v=ry3NHkINjTg,Ron Paul: US elections are a one-party monopoly,1
509,iwlGQmuxlkw,https://www.youtube.com/watch?v=iwlGQmuxlkw,LIVE: ‡∞è‡∞™‡±Ä‡∞≤‡±ã ‡∞™‡∞∞‡∞ø‡∞∑‡∞§‡±ç ‡∞™‡±ã‡∞∞‡±Å: MPTC & ZPTC Elections Polling LIVE || TV5 News,0
510,vk9Pe2-eqmY,https://www.youtube.com/watch?v=vk9Pe2-eqmY,US Elections 2020: Donald Trump ‡§®‡•á India ‡§ï‡•ã ‡§ï‡§ü‡§ò‡§∞‡•á ‡§Æ‡•á‡§Ç ‡§ï‡•ç‡§Ø‡•ã‡§Ç ‡§ï‡§ø‡§Ø‡§æ ‡§ñ‡§°‡§º‡§æ?,2
511,wlv4SB9Y3U8,https://www.youtube.com/watch?v=wlv4SB9Y3U8,25 Little Known Facts About US Elections That Will Probably Surprise You,1
512,k8BH6LND9og,https://www.youtube.com/watch?v=k8BH6LND9og,"US Elections - ‡§ú‡•Ä‡§§ ‡§ï‡•á ‡§ï‡§∞‡•Ä‡§¨ ‡§¨‡§æ‡§á‡§°‡•á‡§®, ‡§ü‡•ç‡§∞‡§Ç‡§™ ‡§ï‡•á ‡§≤‡§ø‡§Ø‡•á ‡§π‡•ã ‡§∞‡§π‡§æ ‡§ú‡§æ‡§¶‡•Ç‡§ü‡•ã‡§®‡§æ, ‡§ï‡•ç‡§Ø‡§æ ‡§≠‡§æ‡§∞‡§§ ‡§ï‡•Ä ‡§¨‡§¢‡§º‡•á‡§ó‡•Ä ‡§ü‡•á‡§Ç‡§∂‡§®",0
513,E_W0xXOXUKM,https://www.youtube.com/watch?v=E_W0xXOXUKM,Netanyahu Inserts Himself in US Elections as Adelson Stands to Reap Millions if Romney Wins,1
514,qDztkepBrbQ,https://www.youtube.com/watch?v=qDztkepBrbQ,Congress Chinna Reddy Face To Face | Nagarjuna Sagar By Elections | Jana Reddy | YOYO TV Channel,0
515,yVZoWRYSchY,https://www.youtube.com/watch?v=yVZoWRYSchY,Anantapur MPTC ZPTC  Elections Polling Latest Update | #APZPTCMPTCElections | Sakshi TV,0
516,oQqOhoFlvsE,https://www.youtube.com/watch?v=oQqOhoFlvsE,suspicion about China‚Äôs potentially interfering in US‚Äô elections  is totally unfounded,1
517,2JupFz0rNq4,https://www.youtube.com/watch?v=2JupFz0rNq4,"AP Parishad Election Polling: ‡∞™‡∞∞‡∞ø‡∞∑‡∞§‡±ç ‡∞™‡±ã‡∞≤‡∞ø‡∞Ç‡∞ó‡±ç ‡∞≤‡±ã ‡∞ó‡±ä‡∞°‡∞µ‡∞≤‡±Å, ‡∞ò‡∞∞‡±ç‡∞∑‡∞£‡∞≤‡±Å - TV9",0
518,ad1pmQhSHkc,https://www.youtube.com/watch?v=ad1pmQhSHkc,"Amuriat pins police, parliament on violence during 2021 presidential elections",1
519,5qoqPfas0hI,https://www.youtube.com/watch?v=5qoqPfas0hI,"‡§®‡•á‡§§‡§æ‡§ì‡§Ç ‡§ï‡•á ‡§ò‡§∞ ‡§™‡§∞ EVM ‡§ï‡•á ‡§¨‡§æ‡§¶ ‡§®‡§Ø‡§æ ‡§ï‡§æ‡§Ç‡§°, Election Commission ‡§®‡•á ‡§ó‡§≤‡§§‡•Ä ‡§Æ‡§æ‡§® ‡§ï‡•ç‡§Ø‡§æ ‡§¨‡§§‡§æ‡§Ø‡§æ? |TamilNaduElection",0
520,maErCNeMVUw,https://www.youtube.com/watch?v=maErCNeMVUw,Interview with Advocate Sravan Kumar | Parishad Elections,0
521,j1d6K2dXmD8,https://www.youtube.com/watch?v=j1d6K2dXmD8,Nellore District:  MPTC ZPTC Elections Polling Ended Peacefully In Dakkili | #APZPTCMPTCElections‚Äã,0
522,sOdoqRP_vHU,https://www.youtube.com/watch?v=sOdoqRP_vHU,TRS MLA Candidate Nomula Bhagath Face To Face | Nagarjuna Sagar By Elections | CM KCR | YOYO TV,0
523,OLWJTKc1AFk,https://www.youtube.com/watch?v=OLWJTKc1AFk,"Israel's Election Results, US-Iran Nuclear Talks, and Vaccine Passports | World In :60 | GZERO Media",1
524,hDXsuO_Vphc,https://www.youtube.com/watch?v=hDXsuO_Vphc,Kurnool ZPTC MPTC Elections Polling Latest Update | #APZPTCMPTCElections | Sakshi TV,0
525,1k4wOv989MU,https://www.youtube.com/watch?v=1k4wOv989MU,US 2020 Election. Crucial and Disputed?,2
526,TFBmbLpm6yI,https://www.youtube.com/watch?v=TFBmbLpm6yI,India Will Engage With Pakistan and China After US Elections - Bipin Rawat Claims | haqeeqat tv 786,0
527,kFX9qNJSyGM,https://www.youtube.com/watch?v=kFX9qNJSyGM,Anantapur ZPTC MPTC Elections Polling Latest Update | #APZPTCMPTCElections | Sakshi TV,0
528,Skq3AUYiTUA,https://www.youtube.com/watch?v=Skq3AUYiTUA,Thala Ajith Angry On his fans At TN Elections 2021 Voting | Trending Video | TFPC,0
529,ISzp1T3bolg,https://www.youtube.com/watch?v=ISzp1T3bolg,"Ground reality of election rallies in Bengal | Chunav Dhamaka, April 8 2021",0
530,4e382lV_JSo,https://www.youtube.com/watch?v=4e382lV_JSo,Breaking News: AP High Court Postpones Judgement | Stay On ZPTC MPTC Elections In AP | Sakshi TV,0
531,nrZO7UwHFrI,https://www.youtube.com/watch?v=nrZO7UwHFrI,Vizianagaram District ZPTC MPTC Elections Polling Latest Update | #APZPTCMPTCElections | Sakshi TV,0
532,FxUS7pE1q88,https://www.youtube.com/watch?v=FxUS7pE1q88,‡Æ∞‡Æö‡Æø‡Æï‡Æ∞‡Øç‡Æï‡Æ≥‡Øà ‡Æï‡Æ£‡Øç‡Æü‡Æø‡Æ§‡Øç‡Æ§ ‡Æ®‡Æü‡Æø‡Æï‡Æ∞‡Øç ‡ÆÖ‡Æú‡Æø‡Æ§‡Øç | Ajith | TN Elections 2021 | Ajith fans,0
533,NJ0A5bJVewI,https://www.youtube.com/watch?v=NJ0A5bJVewI,**Who Is Likely To (Win The US Elections) Who Will Be The Next President** || Details By Waqar Malik,0
534,5CSSaLjKty4,https://www.youtube.com/watch?v=5CSSaLjKty4,The U.S Elections 2020 Summarised,2
535,peAK1Q2BnXg,https://www.youtube.com/watch?v=peAK1Q2BnXg,Visakhapatnam District ZPTC MPTC Elections Polling Latest Update | #APZPTCMPTCElections | Sakshi TV,0
536,dph5s7VskGs,https://www.youtube.com/watch?v=dph5s7VskGs,Analyst says al-Bashir is prepared for presidential election,1
537,xKagkbVwdHc,https://www.youtube.com/watch?v=xKagkbVwdHc,"Wait, Could Trump Still Win? | US Election Voter Fraud Update",2
538,XWq5kBlakcQ,https://www.youtube.com/watch?v=XWq5kBlakcQ,"[CNA 24/7 LIVE] Breaking news, top stories and documentaries",1
539,TBTEZX0Xolo,https://www.youtube.com/watch?v=TBTEZX0Xolo,Presidential elections under way in Argentina,1
540,panz5NHsqhM,https://www.youtube.com/watch?v=panz5NHsqhM,LIVE: ‡∞à ‡∞™‡∞∞‡∞ø‡∞∑‡∞§‡±ç‚Äå‡∞ï‡±Å ‡∞è‡∞Æ‡±à‡∞Ç‡∞¶‡∞ø.. ? HC Stay On AP Parishad Elections | 10TV News,0
541,bzcxui0ePYQ,https://www.youtube.com/watch?v=bzcxui0ePYQ,Tom Cotton Asks if Hillary Clinton is Undermining Integrity of U.S. Elections,1
542,sUkAqZ_SCGI,https://www.youtube.com/watch?v=sUkAqZ_SCGI,Anantapur MPTC ZPTC  Elections Polling Latest Update | #APZPTCMPTCElections | Sakshi TV,0
543,j2FmDnLgMg8,https://www.youtube.com/watch?v=j2FmDnLgMg8,"‡∞∏‡∞Ç‡∞ö‡∞≤‡∞® ‡∞§‡±Ä‡∞∞‡±ç‡∞™‡±Å.. | AP High Court on ZPTC, MPTC Elections | Prime News",0
544,ipj49BfID_8,https://www.youtube.com/watch?v=ipj49BfID_8,Bengal Elections 2021: Who Will Win in West Bengal Assembly Elections | Magazine Story | Sakshi TV,0
545,I9M7dIgEpuc,https://www.youtube.com/watch?v=I9M7dIgEpuc,Krishna District: MPTC ZPTC Elections Polling Ended Peacefully in Avanigadda | #APZPTCMPTCElections‚Äã,0
546,1E_vX00Ui-8,https://www.youtube.com/watch?v=1E_vX00Ui-8,"Bengal Election 2021: Singur ‡§Æ‡•á‡§Ç Shah ‡§®‡•á ‡§≠‡§∞‡•Ä ‡§π‡•Å‡§Ç‡§ï‡§æ‡§∞, Mamata ‡§®‡•á ‡§≠‡•Ä ‡§ï‡§ø‡§Ø‡§æ ‡§™‡§≤‡§ü‡§µ‡§æ‡§∞ I BJP Vs TMC",0
547,ipFrAJT0UOY,https://www.youtube.com/watch?v=ipFrAJT0UOY,Krishna District - ZPTC MPTC Elections Polling Latest Update From Vuyyuru | Sakshi TV,0
548,VS40ox_2dqc,https://www.youtube.com/watch?v=VS40ox_2dqc,Will the US Elections be Rigged? #IfTheMediaRiggedTheElection,1
549,xYxKrjKOGKk,https://www.youtube.com/watch?v=xYxKrjKOGKk,ZPTC MPTC Elections Polling Latest Update In Alamuru | Anantapuram | Sakshi TV,0
550,tTwuFJ4ZG18,https://www.youtube.com/watch?v=tTwuFJ4ZG18,AP ZPTC MPTC ELECTIONS POLLING LATEST UPDATE | #Venkatagiri | Sakshi TV,0
551,hdKT_ouu5d0,https://www.youtube.com/watch?v=hdKT_ouu5d0,Kurnool District MPTC ZPTC  Elections Polling Latest Update | #APZPTCMPTCElections | Sakshi TV,0
552,HqJbt3eFMVM,https://www.youtube.com/watch?v=HqJbt3eFMVM,Sakshi Special Focus On Singur Assembly Elections | West Bengal Elections 2021 | Sakshi TV,0
553,qoVtGX2oyr8,https://www.youtube.com/watch?v=qoVtGX2oyr8,‡Æ®‡Æü‡Æø‡Æï‡Æ∞‡Øç ‡ÆÖ‡Æú‡Æø‡Æ§‡Øç‡Æ§‡Øà ‡Æï‡Øã‡Æ™‡Æ™‡Øç‡Æ™‡Æü‡ØÅ‡Æ§‡Øç‡Æ§‡Æø‡ÆØ ‡Æ∞‡Æö‡Æø‡Æï‡Æ∞‡Øç‡Æï‡Æ≥‡Øç | Ajith | Thala Ajith | TN Elections 2021,0
554,CbBeTdDgEAQ,https://www.youtube.com/watch?v=CbBeTdDgEAQ,‡§∂‡§Ç‡§ñ‡§®‡§æ‡§¶ : Mamata Banerjee ‡§ï‡•ã ‡§Ü‡§ñ‡§ø‡§∞ ‡§ï‡§ø‡§∏ ‡§¨‡§æ‡§§ ‡§™‡§∞  Election Commission ‡§®‡•á ‡§≠‡•á‡§ú‡§æ ‡§®‡•ã‡§ü‡§ø‡§∏,0
555,cd-daXCTexw,https://www.youtube.com/watch?v=cd-daXCTexw,Mike Pence Is Preparing for a 2024 Presidential Bid,2
556,MCXtdGNl7D4,https://www.youtube.com/watch?v=MCXtdGNl7D4,AP High Court Division Bench Green Signal To ZPTC MPTC Elections | Sakshi TV,0
557,xYgzlPXJ984,https://www.youtube.com/watch?v=xYgzlPXJ984,Bengal Election : Mithun Chakraborty ‡§ï‡•Ä ‡§∞‡•à‡§≤‡•Ä ‡§ï‡•ã Mamata Banerjee ‡§®‡•á ‡§®‡§π‡•Ä‡§Ç ‡§¶‡•Ä Permission ! | TMC Vs BJP,0
558,E_XiXbMf6SU,https://www.youtube.com/watch?v=E_XiXbMf6SU,US Elections To Watch In 2021,1
559,2rhkjio-6K4,https://www.youtube.com/watch?v=2rhkjio-6K4,Romney supporters boo as US TV predicts defeat. US Elections 2012.,1
560,cgxNOiFlbyU,https://www.youtube.com/watch?v=cgxNOiFlbyU,Guntur District MPTC ZPTC Elections Latest Update | #APZPTCMPTCElections | Sakshi TV,0
561,g8iOBN-7Ei8,https://www.youtube.com/watch?v=g8iOBN-7Ei8,US ELECTIONS: When Mansoor Ali Khan attended Obama's Victory Speech,0
562,W92vWzqMZuY,https://www.youtube.com/watch?v=W92vWzqMZuY,Putin opened the #secret of US elections,1
563,fFY5ITO-B50,https://www.youtube.com/watch?v=fFY5ITO-B50,ZeeBusiness LIVE: Coronavirus Lockdown | Corona Vaccine | Bengal Election 2021 | Business News,0
564,xFRJxA8kkhQ,https://www.youtube.com/watch?v=xFRJxA8kkhQ,Reality of US Elections,2
565,ePJmrf6xR3k,https://www.youtube.com/watch?v=ePJmrf6xR3k,West Bengal Elections 2021: Mood of Bengal Is Clear That People Want Change | Capital TV,0
566,7hzZ8zHuYKs,https://www.youtube.com/watch?v=7hzZ8zHuYKs,Corona ‡§î‡§∞ Mask ‡§™‡§∞ election states ‡§Æ‡•á‡§Ç ‡§®‡•á‡§§‡§æ‡§ì‡§Ç ‡§ï‡§æ ‡§¶‡•ã‡§π‡§∞‡§æ ‡§Æ‡§æ‡§™‡§¶‡§Ç‡§° ‡§ï‡•ç‡§Ø‡•ã‡§Ç? The Lallantop show,0
567,rNb-7AkpY-0,https://www.youtube.com/watch?v=rNb-7AkpY-0,PART 2 | My Open Vision About Donald Trump & the US Elections,1
568,x0u19QL3RoI,https://www.youtube.com/watch?v=x0u19QL3RoI,BJP winning Election Rahul Exposing Congress ! Rahul Gandhi inviting the USA to intervene in India,0
569,A-3aMRhXiEA,https://www.youtube.com/watch?v=A-3aMRhXiEA,ZEE Hindustan LIVE TV | Latest News | Breaking News | West Bengal Elections | Updates,0
570,1GbDk6b6tqQ,https://www.youtube.com/watch?v=1GbDk6b6tqQ,West Bengal Election LIVE Updates | ‡¶≠‡ßã‡¶ü‡ßá‡¶∞ ‡¶ñ‡¶¨‡¶∞ LIVE | News18 Bangla LIVE TV | ‡¶¨‡¶æ‡¶Ç‡¶≤‡¶æ‡¶∞ ‡¶≠‡ßã‡¶ü‡¶Ø‡ßÅ‡¶¶‡ßç‡¶ß,0
571,_tTotgt89oI,https://www.youtube.com/watch?v=_tTotgt89oI,West Bengal Elections 2021: People of Bengal Tell Capital TV That Mamata is Loosing | Capital TV,0
572,zmZKwD_fKXY,https://www.youtube.com/watch?v=zmZKwD_fKXY,Conspiracy dude: THE U.S. ELECTIONS ARE RIGGED,1
573,h0j0XNEVnlA,https://www.youtube.com/watch?v=h0j0XNEVnlA,DO YOU KNOW RAILAS SECRET CARD FOR 2022 ELECTIONS?,1
574,u_cJZWHSBhY,https://www.youtube.com/watch?v=u_cJZWHSBhY,"Bengal Election 2021 | ‡¶Ü‡¶ï‡ßç‡¶∞‡¶æ‡¶®‡ßç‡¶§ Dilip Ghosh, ‡¶ò‡¶ü‡¶®‡¶æ‡¶∞ ‡¶®‡¶ø‡¶®‡ßç‡¶¶‡¶æ ‡¶ï‡¶∞‡¶≤‡ßá‡¶® Sujon, Adhir | TV9 Bangla",0
575,909GqplUhNY,https://www.youtube.com/watch?v=909GqplUhNY,Mortgage Note Buyers - We Buy Mortgage Notes - After the US Elections,1
576,Sgdi3eWJhv4,https://www.youtube.com/watch?v=Sgdi3eWJhv4,‡Æµ‡Ææ‡Æï‡Øç‡Æï‡ØÅ‡Æ™‡Øç‡Æ™‡Æ§‡Æø‡Æµ‡ØÅ ‡Æö‡Æ§‡Æµ‡ØÄ‡Æ§‡ÆÆ‡Øç ‡ÆØ‡Ææ‡Æ∞‡Øç ‡Æµ‡ØÜ‡Æ±‡Øç‡Æ±‡Æø‡ÆØ‡Øà ‡Æ§‡ØÄ‡Æ∞‡Øç‡ÆÆ‡Ææ‡Æ©‡Æø‡Æï‡Øç‡Æï‡ØÅ‡ÆÆ‡Øç ? | Arasiyal Arattai | TN Election 2021,0
577,vf6dClyIPfo,https://www.youtube.com/watch?v=vf6dClyIPfo,Eeyi! NPP Kicks Against Alan Kyeremateng From 2024 Presidential Election,1
578,6hd_Fpxta7I,https://www.youtube.com/watch?v=6hd_Fpxta7I,Molly Ball's Article Does Not Prove the 2020 U.S. Elections Were Rigged,1
579,EdcDn4RtzSE,https://www.youtube.com/watch?v=EdcDn4RtzSE,President Donald Trump loses elections | US Elections 2020 | President Joe Biden,2
580,sTNBpwsgaQM,https://www.youtube.com/watch?v=sTNBpwsgaQM,Kamala Harris vs Donald Trump | 2024 Presidential Election Night FULL COVERAGE,1
581,2796X94XMOs,https://www.youtube.com/watch?v=2796X94XMOs,‡§™‡§æ‡§ï‡§ø‡§∏‡•ç‡§§‡§æ‡§® ‡§à‡§∞‡§æ‡§® ‡§ï‡•Ä ‡§®‡•å‡§∏‡•á‡§®‡§æ ‡§Ö‡§≠‡•ç‡§Ø‡§æ‡§∏ | US Army Iraq today news | Israel election latest news Nonstop news,0
582,dmYBeHdvVjw,https://www.youtube.com/watch?v=dmYBeHdvVjw,Reality Behind US Presidential Election  Trump VS Biden l Who Controls The US Elections 1992,2
583,N9SaMgg0cHM,https://www.youtube.com/watch?v=N9SaMgg0cHM,Peru goes to the Polls:  2021 Presidential Elections.,1
584,kqSb32tfASU,https://www.youtube.com/watch?v=kqSb32tfASU,"Attili Sattibabu LKG Telugu Full Movie | Allari Naresh, Vidisha | Sri Balaji Video",0
585,vn7ufa9iy7g,https://www.youtube.com/watch?v=vn7ufa9iy7g,"Mr.PelliKoduku Telugu Full Movie | Sunil, Isha Chawla | Sri Balaji Video",0
586,L75xu98oH70,https://www.youtube.com/watch?v=L75xu98oH70,Ousainou Darboe  has duly been as presidential candidate for 2021 presidential election,1
587,qW6TLP7j3O8,https://www.youtube.com/watch?v=qW6TLP7j3O8,NEOCONS CAN'T WIN! - What Last Night's Wisconsin Election REALLY Showed Us,2
588,7U9sWnhU73o,https://www.youtube.com/watch?v=7U9sWnhU73o,US Elections: Donald Trump campaign holds press briefing,1
589,n6MU3JKc5tE,https://www.youtube.com/watch?v=n6MU3JKc5tE,It appears voter fraud has been ‚Äòquite extensive‚Äô in the US election,2
590,yHtBsBuL4mI,https://www.youtube.com/watch?v=yHtBsBuL4mI,Moment leading up to Capitol Hill evacuation - Congress deliberate after Trump rally,2
591,ZrgSHDE0x-s,https://www.youtube.com/watch?v=ZrgSHDE0x-s,UPDATE on TransUnion Breach - RUSSIA's involvement in 2016 US elections - WIFI location Tracking,1
592,e3svbmlMALM,https://www.youtube.com/watch?v=e3svbmlMALM,"Snowden Q&A on how US Election affects your privacy, his pardon (Streamed Live)",1
593,IEsMKJMiQaw,https://www.youtube.com/watch?v=IEsMKJMiQaw,"Russia didn‚Äôt hack US election, tech giants afraid of govt ‚Äì NSA whistleblower",2
594,2SOVTF127y8,https://www.youtube.com/watch?v=2SOVTF127y8,Galactic Federation of Light This US Election is About Journeying into Truth,1
595,9AWUnYm-8wY,https://www.youtube.com/watch?v=9AWUnYm-8wY,American Airlines Exposed: Statement Issued Against Texas Election Bill Without Ever Having Read It,1
